ID,UNIDADE,CONVENIADA,MUNICIPIO,OBJETO,NUMERO,INI,FIM,VL.CONVENIO,VL.CONTRAPARTE;
1,SECRETARIA DE ESTADO DAS CIDADES-SECID,APAE - ASSOCIAÇÃO DE PAIS E AMIGOS DOS EXCEPCIONAIS DE CAMPO VERDE,CAMPO VERDE,CONSTRUÇÃO DE REFEITÓRIO NA APAE DO MUNICIPIO DE CAMPO VERDE.,72,5168,102/2015,22/12/2015,13/12/2017,200000,35051;
2,SECRETARIA DE ESTADO DAS CIDADES-SECID,APAE - ASSOCIAÇÃO DE PAIS E AMIGOS DOS EXCEPCIONAIS DE POCONÉ,POCONÉ,Reforma das instalações da APAE de Poconé/MT.,390,5168,0524-2016,29/12/2016,29/12/2017,130000,0;
3,SECRETARIA DE ESTADO DAS CIDADES-SECID,ASSOCIACAO DISTRITAL DE ROTARIANOS,CUIABA,Aquisição para implantação no âmbito territorial do Distrito Rotário 4440 de 100 (cem) ATIs (Academias da Terceira Idade) em diversos municípios do Estado de Mato Grosso.,390,5168,0049-2017,23/02/2017,23/02/2018,2170000,0;
4,SECRETARIA DE ESTADO DAS CIDADES-SECID,ASSOCIAÇÃO DIVINA MISERICÓRDIA,RONDONÓPOLIS,Construção da 1° etapa da Sede da Associação Divina Misericórdia no município de Rondonópolis-MT.,72,1820,020/2013,10/12/2013,09/10/2017,350000,0;
5,SECRETARIA DE ESTADO DAS CIDADES-SECID,CLUBE DE MÃES AMOR E VIDA,IPIRANGA DO NORTE,Troca de Cobertura e Reforma da fachada do Clube de Mães Amor e Vida de Ipiranga do Norte-MT EMENDA PARLAMENTAR Nº 162.,390,5168,0767-2016,29/12/2016,29/12/2018,120000,0;
6,SECRETARIA DE ESTADO DAS CIDADES-SECID,FUNDAÇÃO ARCO-ÍRIS DE ARAPUTANGA,ARAPUTANGA,Construção de quadra poliesportiva com alambrado sobre cobertura existente.,72,5168,064/2015,17/12/2015,21/11/2017,119958,3838;
7,SECRETARIA DE ESTADO DAS CIDADES-SECID,FUNDAÇÃO DE APOIO E DESENV.DA UNIVERSIDADE FEDERAL DE MATO GROSSO - UNISELVA,CUIABÁ,POSSIBILITAR O COFINANCIAMENTO DO PROJETO DE ELABORAÇÃO DE PLANOS MUNICIPAIS DE SANEAMENTO BÁSICO PARA 106 MUNICÍPIOS MATO-GROSSENSES.,72,5168,001/2015,22/07/2015,05/11/2017,2533625,0;
8,SECRETARIA DE ESTADO DAS CIDADES-SECID,FUNDAÇÃO DE APOIO E DESENV.DA UNIVERSIDADE FEDERAL DE MATO GROSSO - UNISELVA,CUIABÁ,Com a intenção de reduzir a frequência e o tempo de exposição a que os impactos do alagamento provocam na avenida Fernando Correa da Costa no entroncamento com a avenida Parque do Barbado avenida Brasília e avenida Tancredo Neves sobre o córrego do Barbado durante a ocorrência da precipitação são propostas algumas medidas emergenciais para que seja executada na região: Levantamento de Topografia Estudo Hidrológico Cadastro de Rede Levantamento de Projetos de Obras Existentes Quantificação e Orçamento incluindo Projeto Executivo para a solução emergencial dos alagamentos e por fim o estudo de viabilidade da rota de fuga do tráfego proposto pela Defesa Civil do Estado de Mato Grosso durante o período de chuvas. Além do levantamento topográfico estudo hidrológico cadastro de rede levantamento de projetos de obras existentes quantificação e orçamento incluindo projeto executivo para a solução definitiva do problema de drenagem de toda a microbacia do córrego do Barbado.,72,1821,035/2015,10/12/2015,23/10/2017,560217,0;
9,SECRETARIA DE ESTADO DAS CIDADES-SECID,INSTITUTO LIONS DA VISÃO,CUIABÁ,Ampliação de dois quartos e reforma da casa de apoio do Instituto Lions da Visão,390,5168,1410-2016,29/12/2016,29/12/2018,85149,0;
10,SECRETARIA DE ESTADO DAS CIDADES-SECID,PREFEITURA MUNICIPAL DE ÁGUA BOA,ÁGUA BOA,Aquisição de Material Betuminoso (RL1C) para aplicação em ruas e avenidas do município.,72,5168,015/2015,30/11/2015,03/12/2017,100000,4008;
11,SECRETARIA DE ESTADO DAS CIDADES-SECID,PREFEITURA MUNICIPAL DE ALTA FLORESTA,ALTA FLORESTA,Construção do Centro de Convivência dos Idosos na Rua dos esportes em Alta Floresta MT,72,5168,019/2013,06/12/2013,08/08/2018,200000,155134;
12,SECRETARIA DE ESTADO DAS CIDADES-SECID,PREFEITURA MUNICIPAL DE ALTO ARAGUAIA,ALTO ARAGUAIA,AQUISIÇÃO DE EMULSÃO ASFÁLTICA PARA O MUNICÍPIO DE ALTO ARAGUAIA/MT,72,5168,030/2015,09/12/2015,10/05/2018,100000,2246;
13,SECRETARIA DE ESTADO DAS CIDADES-SECID,PREFEITURA MUNICIPAL DE ALTO ARAGUAIA,ALTO ARAGUAIA,Reforma da Creche da Vila Aeroporto no Município de ALTO ARAGUAIA - MT,72,5168,036/2013,13/12/2013,17/12/2017,50000,6273;
14,SECRETARIA DE ESTADO DAS CIDADES-SECID,PREFEITURA MUNICIPAL DE ALTO ARAGUAIA,ALTO ARAGUAIA,INSTALAÇÃO DE ACADEMIAS AO AR LIVRE NO MUNICÍPIO DE ALTO ARAGUAIA/MT,72,5168,123/2013,20/12/2013,07/02/2018,150000,0;
15,SECRETARIA DE ESTADO DAS CIDADES-SECID,PREFEITURA MUNICIPAL DE ALTO ARAGUAIA,ALTO ARAGUAIA,Iluminação do Centro de Esportes no município de Alto Araguaia - MT.,72,5168,124/2013,20/12/2013,13/08/2018,150000,0;
16,SECRETARIA DE ESTADO DAS CIDADES-SECID,PREFEITURA MUNICIPAL DE ALTO ARAGUAIA,ALTO ARAGUAIA,CONSTRUÇÃO DE CALÇADAS PARA PASSEIO PÚBLICO NO MUNICÍPIO DE ALTO ARAGUAIA/MT,72,5168,074/2015,18/12/2015,07/10/2017,80000,48125;
17,SECRETARIA DE ESTADO DAS CIDADES-SECID,PREFEITURA MUNICIPAL DE ALTO ARAGUAIA,ALTO ARAGUAIA,CONSTRUÇÃO DE PRAÇA NO BAIRRO AEROPORTO NO MUNICÍPIO DE ALTO ARAGUAIA/MT,72,5168,075/2015,18/12/2015,09/02/2018,50000,6000;
18,SECRETARIA DE ESTADO DAS CIDADES-SECID,PREFEITURA MUNICIPAL DE ALTO ARAGUAIA,ALTO ARAGUAIA,AQUISIÇÃO DE MATERIAL PARA RECUPERAÇÃO DO PAVIMENTO DAS VIAS URBANAS DO MUNICÍPIO DE ALTO ARAGUAIA/MT. Emenda n.º 98/2016 - Nininho.,390,3117,0475-2016,24/06/2016,24/06/2018,200000,4612;
19,SECRETARIA DE ESTADO DAS CIDADES-SECID,PREFEITURA MUNICIPAL DE ALTO BOA VISTA,ALTO BOA VISTA,Construção de Praça Pública no Município de Alto Boa Vista -MT.,72,5168,070/2013,20/12/2013,03/11/2017,336255,0;
20,SECRETARIA DE ESTADO DAS CIDADES-SECID,PREFEITURA MUNICIPAL DE ALTO PARAGUAI,ALTO PARAGUAI,Construção de Praça Santos Dumont no Município de Alto Paraguai-MT,72,5168,038/2013,20/12/2013,19/09/2019,252784,0;
21,SECRETARIA DE ESTADO DAS CIDADES-SECID,PREFEITURA MUNICIPAL DE ALTO PARAGUAI,ALTO PARAGUAI,Construção de reservatório apoiado metálico de 200 m³ no Bairro planalto no Município de Alto Paraguai -MT.,72,5168,040/2013,20/12/2013,15/10/2017,223596,0;
22,SECRETARIA DE ESTADO DAS CIDADES-SECID,PREFEITURA MUNICIPAL DE ALTO PARAGUAI,ALTO PARAGUAI,Pavimentação Asfáltica Meio Fio com Sarjeta Sinalização Viária e Complementares no Município de Alto Paraguai - MT.,72,5168,028/2015,08/12/2015,11/01/2018,567251,11817;
23,SECRETARIA DE ESTADO DAS CIDADES-SECID,PREFEITURA MUNICIPAL DE ALTO PARAGUAI,ALTO PARAGUAI,Reforma do Abatedouro de Peixes no Município de Alto Paraguai - MT,72,5168,085/2015,18/12/2015,23/10/2017,100000,9737;
24,SECRETARIA DE ESTADO DAS CIDADES-SECID,PREFEITURA MUNICIPAL DE ALTO PARAGUAI,ALTO PARAGUAI,Implantação de Sistema de Abastecimento de Água no Município de Alto Paraguai - MT.,390,5168,0925-2016,20/06/2016,02/04/2018,559865,23328;
25,SECRETARIA DE ESTADO DAS CIDADES-SECID,PREFEITURA MUNICIPAL DE ALTO PARAGUAI,ALTO PARAGUAI,Pavimentação Asfáltica e calçamento na Cohab Brilho do Sol no Município de Alto Paraguai - MT. Emenda n.º 11/2016 - José Domingos (R$ 100.00000),390,3117,0965-2016,22/06/2016,10/05/2018,276055,11502;
26,SECRETARIA DE ESTADO DAS CIDADES-SECID,PREFEITURA MUNICIPAL DE APIACÁS,APIACÁS,AMPLIAÇÃO E REFORMA DO HOSPITAL MUNICIPAL DE APIACÁS MT,72,1820,076/2014,02/06/2014,29/10/2017,975219,64982;
27,SECRETARIA DE ESTADO DAS CIDADES-SECID,PREFEITURA MUNICIPAL DE ARAGUAINHA,ARAGUAINHA,Perfuração de 01 poço tubular profundo na Agrovila Paraíso municipio de Araguainha-MT.,72,1820,152/2013,20/12/2013,11/12/2017,150650,0;
28,SECRETARIA DE ESTADO DAS CIDADES-SECID,PREFEITURA MUNICIPAL DE ARAGUAINHA,ARAGUAINHA,AQUISIÇÃO DE CIMENTO PARA CALÇAMENTO EM VIAS URBANAS,72,5168,063/2015,18/12/2015,08/04/2018,95000,5000;
29,SECRETARIA DE ESTADO DAS CIDADES-SECID,PREFEITURA MUNICIPAL DE ARAPUTANGA,ARAPUTANGA,Ampliação do Sistema de Abastecimento de Água do Município de Araputanga,391,1317,0710-2016,29/04/2016,15/10/2017,578156,17881;
30,SECRETARIA DE ESTADO DAS CIDADES-SECID,PREFEITURA MUNICIPAL DE ARAPUTANGA,ARAPUTANGA,Aquisição de Material para Recuperação de Pavimentação Asfáltica com Lama Asfáltica. Emenda n.º 4343/2016 - Zé Carlos do Pátio (R$ 100.00000). Emenda n.º 238/2016 - Emanuel Pinheiro (R$ 100.00000). Emenda n.º 272/2016 - Dr. Leonardo (R$ 64.28576).,390,3117,0985-2016,24/06/2016,05/12/2017,447591,13843;
31,SECRETARIA DE ESTADO DAS CIDADES-SECID,PREFEITURA MUNICIPAL DE ARENÁPOLIS,ARENÁPOLIS,CONSTRUÇÃO 1.73772 M2 DE PASSEIO PÚBLICO COM BLOCOS DE CONCRETO INTERTRAVADO NA AV. PREFEITO CAIO NO MUNICÍPIO DE ARENÁPOLIS-MT,72,5168,043/2014,03/07/2014,12/11/2017,135000,15000;
32,SECRETARIA DE ESTADO DAS CIDADES-SECID,PREFEITURA MUNICIPAL DE ARENÁPOLIS,ARENÁPOLIS,Construção da Capela Mortuária no Município de Arenápolis - MT.,72,5168,121/2015,09/12/2015,05/12/2017,190000,118183;
33,SECRETARIA DE ESTADO DAS CIDADES-SECID,PREFEITURA MUNICIPAL DE ARENÁPOLIS,ARENÁPOLIS,Aquisição de Lama Asfáltica para Restauração e Conservação de Pavimento em Diversas Ruas do Centro Histórico de Arenápolis - MT.,72,5168,046/2015,16/12/2015,26/10/2017,285204,4167;
34,SECRETARIA DE ESTADO DAS CIDADES-SECID,PREFEITURA MUNICIPAL DE ARENÁPOLIS,ARENÁPOLIS,Conservação de pavimento em Diversas Ruas (RUA GUILHERME GRUNNWALD RUA PEDRO PEDROSSIAN RUA PRES. JOÃO GOULART RUA PRESIDENTE DUTRA RUA PREFEITO CAIO) do Município de Arenápolis-MT - Emenda Dep. José Domingos Fraga.,390,3117,1381-2016,29/12/2016,10/10/2017,100000,4816;
35,SECRETARIA DE ESTADO DAS CIDADES-SECID,PREFEITURA MUNICIPAL DE ARENÁPOLIS,ARENÁPOLIS,RECUPERAÇÃO DE PAVIMENTO COM PMF EM DIVERSAS RUAS DO MUNICÍPIO DE ARENÁPOLIS -MT. Emenda Parlamentar nº 136/2016 Dep. Wagner Ramos,390,3117,1408-2016,29/12/2016,29/12/2017,200000,10539;
36,SECRETARIA DE ESTADO DAS CIDADES-SECID,PREFEITURA MUNICIPAL DE ARIPUANÃ,ARIPUANÃ,Recuperação Asfáltica - Lama Asfáltica em Vias Públicas no Município de Aripuanã  MT.,72,5168,073/2015,18/12/2015,17/10/2017,200000,4000;
37,SECRETARIA DE ESTADO DAS CIDADES-SECID,PREFEITURA MUNICIPAL DE ARIPUANÃ,ARIPUANÃ,Aquisição de Material para Lama Asfáltica (RL1C). Emenda Parlamentar n.º 281/2016 - Oscar Bezerra.,390,3117,0390-2016,14/06/2016,31/12/2017,90000,3143;
38,SECRETARIA DE ESTADO DAS CIDADES-SECID,PREFEITURA MUNICIPAL DE ARIPUANÃ,ARIPUANÃ,Aquisição de Material para Pavimentação (RR2C). Emenda Parlamentar n.º 36/2016 - Silvano Amaral.,390,3117,0391-2016,16/06/2016,31/12/2017,100000,5985;
39,SECRETARIA DE ESTADO DAS CIDADES-SECID,PREFEITURA MUNICIPAL DE BARRA DO BUGRES,BARRA DO BUGRES,Implantação de Praça com Academia no Jardim Alvorecer no município de Barra do Bugres/MT,72,5168,116/2013,20/12/2013,07/02/2018,320000,0;
40,SECRETARIA DE ESTADO DAS CIDADES-SECID,PREFEITURA MUNICIPAL DE BARRA DO BUGRES,BARRA DO BUGRES,REVITALIZAÇÃO DA PRAÇA ANGELO MASSON NO MUNICIPIO DE BARRA DO BUGRES/MT,72,5168,105/2013,20/12/2013,07/02/2018,47220,0;
41,SECRETARIA DE ESTADO DAS CIDADES-SECID,PREFEITURA MUNICIPAL DE BARRA DO BUGRES,BARRA DO BUGRES,Implantação de Sinalização Viária no Município de Barra do Bugres - MT.,72,5168,122/2013,20/12/2013,08/05/2018,62392,0;
42,SECRETARIA DE ESTADO DAS CIDADES-SECID,PREFEITURA MUNICIPAL DE BARRA DO BUGRES,BARRA DO BUGRES,Implantação de Quebra Molas e Faixas de Pedestres no Município de Barra do Bugres - MT.,72,5168,121/2013,20/12/2013,03/02/2018,48334,0;
43,SECRETARIA DE ESTADO DAS CIDADES-SECID,PREFEITURA MUNICIPAL DE BARRA DO BUGRES,BARRA DO BUGRES,Conclusão da Quadra e Salão de Eventos da APAE no Município de Barra do Bugres - MT,72,5168,025/2013,26/12/2013,27/10/2017,180633,418;
44,SECRETARIA DE ESTADO DAS CIDADES-SECID,PREFEITURA MUNICIPAL DE BOM JESUS DO ARAGUAIA,BOM JESUS DO ARAGUAIA,Apoio a Pavimentação Asfáltica em diversas vias urbanas no Municipio de Bom Jesus do Araguaia com área de 520188 m2.,72,5168,071/2015,17/12/2015,18/10/2017,239641,4890;
45,SECRETARIA DE ESTADO DAS CIDADES-SECID,PREFEITURA MUNICIPAL DE BOM JESUS DO ARAGUAIA,BOM JESUS DO ARAGUAIA,Execução de 19.38468 m² de Pavimentação em TSD em diversas ruas no município de Bom Jesus do Araguaia.,390,5168,1086-2016,27/06/2016,31/12/2017,1402649,43380;
46,SECRETARIA DE ESTADO DAS CIDADES-SECID,PREFEITURA MUNICIPAL DE BRASNORTE,BRASNORTE,Construção de Passeios Públicos - Calçamento no Município de Brasnorte -MT,72,5168,053/2013,20/12/2013,09/02/2018,500000,57592;
47,SECRETARIA DE ESTADO DAS CIDADES-SECID,PREFEITURA MUNICIPAL DE BRASNORTE,BRASNORTE,Pavimentação Asfáltica de Vias Urbanas no Município de Brasnorte-MT em parte das ruas Sinop Comodoro Jauru Cáceres Juina Dourados Araputanga no Bairro Nosso Lar.,72,5168,041/2015,10/12/2015,19/10/2017,200000,6522;
48,SECRETARIA DE ESTADO DAS CIDADES-SECID,PREFEITURA MUNICIPAL DE BRASNORTE,BRASNORTE,Aquisição de Material para Revestimento Asfáltico nas Vias Urbanas do Município de Brasnorte - MT em parte das Rua Castanheira Dourados e Tangará no Bairro Nosso Lar.,72,5168,105/2015,22/12/2015,16/10/2017,100000,2723;
49,SECRETARIA DE ESTADO DAS CIDADES-SECID,PREFEITURA MUNICIPAL DE BRASNORTE,BRASNORTE,Pavimentação Asfáltica de Vias Urbanas no Município de Brasnorte-MT em parte das ruas Juscimeira Pantanal Jaciara e Poconé no Bairro Nosso Lar.,72,5168,042/2015,10/12/2015,18/10/2017,100000,3654;
50,SECRETARIA DE ESTADO DAS CIDADES-SECID,PREFEITURA MUNICIPAL DE BRASNORTE,BRASNORTE,Aquisição de Material para Revestimento Asfáltico nas Vias Urbanas do Município de Brasnorte - MT em parte das ruas: Poconé Tangará Pantanal e Sete Quedas. Emenda Parlamentar nº 136/2016,390,3117,0699-2016,15/06/2016,31/12/2017,100000,3492;
51,SECRETARIA DE ESTADO DAS CIDADES-SECID,PREFEITURA MUNICIPAL DE BRASNORTE,BRASNORTE,Construção De Arquibancada Em Concreto. Emenda Parlamentar nº 88 Dilmar Dal Bosco.,390,5168,0982-2016,15/06/2016,31/12/2017,100000,8725;
52,SECRETARIA DE ESTADO DAS CIDADES-SECID,PREFEITURA MUNICIPAL DE CÁCERES,CÁCERES,AQUISIÇÃO DE MATERIAL ASFÁLTICO PARA REVITALIZAÇÃO DE VIAS URBANAS EM DIVERSOS BAIRROS DO MUNICÍPIO DE CÁCERES-MT,72,5168,010/2015,12/11/2015,02/01/2018,500000,14715;
53,SECRETARIA DE ESTADO DAS CIDADES-SECID,PREFEITURA MUNICIPAL DE CAMPINÁPOLIS,CAMPINÁPOLIS,Construção de Capela Municipal no município de Campinápolis - MT,72,5168,026/2013,23/12/2013,11/10/2017,150000,5877;
54,SECRETARIA DE ESTADO DAS CIDADES-SECID,PREFEITURA MUNICIPAL DE CAMPINÁPOLIS,CAMPINÁPOLIS,Aquisição de material betuminoso (RL1C) para recuperação de pavimentação asfáltica em ruas e avenidas do perímetro urbano do município de Campinápolis-MT e São José do Couto Distrito de Campinápolis/MT.,390,5168,0496-2016,13/06/2016,13/12/2017,100000,4448;
55,SECRETARIA DE ESTADO DAS CIDADES-SECID,PREFEITURA MUNICIPAL DE CAMPO NOVO DO PARECIS,CAMPO NOVO DO PARECIS,AQUISIÇÃO DE MATERIAL PARA PAVIMENTAÇÃO DE RUAS DO BAIRRO JARDIM DAS PALMEIRAS NO MUNICÍPIO DE CAMPO NOVO DO PARECIS - MT.,72,5168,083/2015,18/12/2015,07/10/2017,200000,30361;
56,SECRETARIA DE ESTADO DAS CIDADES-SECID,PREFEITURA MUNICIPAL DE CAMPO NOVO DO PARECIS,CAMPO NOVO DO PARECIS,Conservação de Pavimento com Aplicação de Lama Asfáltica em diversas ruas do Município de Campo Novo do Parecis - MT.,390,3117,1385-2016,29/12/2016,29/12/2017,1987938,159095;
57,SECRETARIA DE ESTADO DAS CIDADES-SECID,PREFEITURA MUNICIPAL DE CAMPO VERDE,CAMPO VERDE,Construção de centro de multiplo uso no Assentamento Santo Antonio da Fartura no Municipio de Campo Verde - MT.,72,5168,031/2012,02/07/2012,11/05/2018,150000,111479;
58,SECRETARIA DE ESTADO DAS CIDADES-SECID,PREFEITURA MUNICIPAL DE CAMPO VERDE,CAMPO VERDE,AQUISIÇÃO DE MATERIAL BETUMINOSO.,72,5168,009/2015,06/11/2015,09/01/2018,200000,130495;
59,SECRETARIA DE ESTADO DAS CIDADES-SECID,PREFEITURA MUNICIPAL DE CAMPO VERDE,CAMPO VERDE,AQUISIÇÃO DE MATERIAL BETUMINOSO RL1C,72,5168,012/2015,23/11/2015,09/01/2018,100000,59059;
60,SECRETARIA DE ESTADO DAS CIDADES-SECID,PREFEITURA MUNICIPAL DE CAMPO VERDE,CAMPO VERDE,AQUISIÇÃO DE MATERIAL BETUMINOSO - RL-1C. Emenda parlamentar nº 98 Dep. Nininho.,390,3117,0676-2016,15/06/2016,29/04/2018,150000,90509;
61,SECRETARIA DE ESTADO DAS CIDADES-SECID,PREFEITURA MUNICIPAL DE CANARANA,CANARANA,CONSTRUÇÃO DE UMA PRAÇA PÚBLICA DE PASSEIO E LAZER NO DISTRITO DE CULUENE NO MUNICIPIO DE CANARANA,72,5168,043/2012,05/07/2012,01/12/2017,150000,67022;
62,SECRETARIA DE ESTADO DAS CIDADES-SECID,PREFEITURA MUNICIPAL DE CANARANA,CANARANA,Revitalização da Praça Central (Praça do Avião) no Município de Canarana - MT.,72,5168,193/2013,26/12/2013,09/01/2018,520541,57837;
63,SECRETARIA DE ESTADO DAS CIDADES-SECID,PREFEITURA MUNICIPAL DE CANARANA,CANARANA,SINALIZAÇÃO VIÁRIA URBANA DO MUNICÍPIO DE CANARANA - MT,72,1820,021/2015,08/12/2015,30/12/2017,100000,15324;
64,SECRETARIA DE ESTADO DAS CIDADES-SECID,PREFEITURA MUNICIPAL DE CANARANA,CANARANA,PAVIMENTAÇÃO ASFÁLTICA DRENAGEM SUPERFICIAL E SINALIZAÇÃO DA AVENIDA MATO GROSSO. Emenda n.º 216/2016 - Zeca Viana.,390,3117,0509-2016,21/06/2016,31/12/2017,473000,34977;
65,SECRETARIA DE ESTADO DAS CIDADES-SECID,PREFEITURA MUNICIPAL DE CANARANA,CANARANA,PAVIMENTAÇÃO ASFÁLTICA EM TSD E CAPA SELANTE NO DISTRITO DO CULUENE EM CANARANA  MT. Emenda Zeca Viana n.º 211 e 215 (R$ 400.00000),390,3117,0935-2016,30/06/2016,31/12/2017,430627,205637;
66,SECRETARIA DE ESTADO DAS CIDADES-SECID,PREFEITURA MUNICIPAL DE CANARANA,CANARANA,Implantação de rede de drenagem de águas pluviais em ruas e avenidas do bairro Morada do Sol em Canarana-MT.,391,5158,0836-2016,23/11/2016,31/12/2017,2500000,178416;
67,SECRETARIA DE ESTADO DAS CIDADES-SECID,PREFEITURA MUNICIPAL DE CANARANA,CANARANA,AQUISIÇÃO DE MATERIAL BETUMINOSO PARA LAMA ASFÁLTICA NO MUNICÍPIO DE CANARANA  MT,390,3117,0046-2017,05/05/2017,05/05/2018,449915,9181;
68,SECRETARIA DE ESTADO DAS CIDADES-SECID,PREFEITURA MUNICIPAL DE CARLINDA,CARLINDA,Construção de Barracão de Múltiplo Uso para o município de Carlinda MT.,72,1820,042/2013,20/12/2013,24/12/2017,130000,13760;
69,SECRETARIA DE ESTADO DAS CIDADES-SECID,PREFEITURA MUNICIPAL DE CLÁUDIA,CLÁUDIA,Conclusão do Centro de Multiplo Uso no Municipio de Claudia - MT.,72,1820,059/2012,04/07/2012,19/07/2018,200000,12330;
70,SECRETARIA DE ESTADO DAS CIDADES-SECID,PREFEITURA MUNICIPAL DE CLÁUDIA,CLÁUDIA,Construção de Quadra poliesportiva coberta no Município de Claudia -MT,72,1820,032/2013,11/12/2013,05/02/2018,390000,5979;
71,SECRETARIA DE ESTADO DAS CIDADES-SECID,PREFEITURA MUNICIPAL DE CLÁUDIA,CLÁUDIA,Construção de Praça Pública no Município de Claudia - MT.,72,5168,039/2013,19/12/2013,14/10/2017,167985,17826;
72,SECRETARIA DE ESTADO DAS CIDADES-SECID,PREFEITURA MUNICIPAL DE CLÁUDIA,CLÁUDIA,Construção de Centro de Eventos no Município de Claudia - MT.,72,5168,048/2014,01/07/2014,22/01/2018,218935,134386;
73,SECRETARIA DE ESTADO DAS CIDADES-SECID,PREFEITURA MUNICIPAL DE COCALINHO,COCALINHO,ILUMINAÇÃO DO ESTÁDIO DE FUTEBOL MUNICIPAL DE COCALINHO MT,72,5168,029/2013,16/12/2013,17/01/2018,145000,8536;
74,SECRETARIA DE ESTADO DAS CIDADES-SECID,PREFEITURA MUNICIPAL DE COLÍDER,COLIDER,AMPLIAÇÃO DO CENTRO DE MULTIPLO USO DO MUNICÍPIO DE COLIDER-MT,72,5168,045/2013,20/12/2013,24/12/2017,73683,0;
75,SECRETARIA DE ESTADO DAS CIDADES-SECID,PREFEITURA MUNICIPAL DE COLÍDER,COLIDER,ILUMINAÇÃO E REFORMA DA PRAÇA CENTRAL DE COLIDER-MT.,72,5168,108/2015,22/12/2015,26/03/2018,150000,141744;
76,SECRETARIA DE ESTADO DAS CIDADES-SECID,PREFEITURA MUNICIPAL DE COLÍDER,COLIDER,CONSTRUÇÃO DE ALAMBRADO NO ESTÁDIO MUNICIPAL DE COLIDER-MT,72,5168,086/2015,18/12/2015,12/06/2018,100000,20451;
77,SECRETARIA DE ESTADO DAS CIDADES-SECID,PREFEITURA MUNICIPAL DE COLÍDER,COLIDER,IMPLANTAÇÃO DE (02) DUAS ACADEMIAS AO AR LIVRE NO MUNICÍPIO DE COLIDER-MT. Emenda n.º 162/2016 - Mauro Savi,390,5168,0569-2016,29/06/2016,02/01/2018,100000,16368;
78,SECRETARIA DE ESTADO DAS CIDADES-SECID,PREFEITURA MUNICIPAL DE COLÍDER,COLIDER,RESTAURAÇÃO DE PAVIMENTAÇÃO COM APLICAÇÃO DE LAMA ASFÁLTICA EM DIVERSAS VIAS DO MUNICÍPIO DE COLIDER,390,3117,1066-2016,01/07/2016,31/12/2017,960000,201312;
79,SECRETARIA DE ESTADO DAS CIDADES-SECID,PREFEITURA MUNICIPAL DE COMODORO,COMODORO,Obras de Pavimentação de Vias Urbanas no Município de Comodoro,72,5168,004/2015,21/10/2015,23/01/2018,100000,22018;
80,SECRETARIA DE ESTADO DAS CIDADES-SECID,PREFEITURA MUNICIPAL DE COMODORO,COMODORO,Aquisição de Material para Recuperação de Pavimentação Asfáltica com Lama Asfáltica. Emenda Parlamentar n.º 272/2016 - Dr. Leonardo.,390,3117,0406-2016,17/06/2016,31/12/2017,100000,2987;
81,SECRETARIA DE ESTADO DAS CIDADES-SECID,PREFEITURA MUNICIPAL DE CONFRESA,CONFRESA,REFORMA E AMPLIAÇÃO DO CENTRO DE CONVIVÊNCIA DOS IDOSOS.,72,5168,175/2013,20/12/2013,21/08/2018,408000,156188;
82,SECRETARIA DE ESTADO DAS CIDADES-SECID,PREFEITURA MUNICIPAL DE CONQUISTA D´OESTE,CONQUISTA D´OESTE,Implantação de Iluminação Publica em ruas e avenidas no Município de Conquista D Oeste - MT.,72,5168,138/2013,23/12/2013,16/10/2017,153641,0;
83,SECRETARIA DE ESTADO DAS CIDADES-SECID,PREFEITURA MUNICIPAL DE CONQUISTA D´OESTE,CONQUISTA D´OESTE,AQUISIÇÃO DE MATERIAL PARA EXECUÇÃO DE PAVIMENTO DE VIAS URBANAS. Emenda n.º 165/2016 - Wancley Carvalho.,390,3117,0448-2016,13/06/2016,31/12/2017,122000,11855;
84,SECRETARIA DE ESTADO DAS CIDADES-SECID,PREFEITURA MUNICIPAL DE COTRIGUAÇU,COTRIGUAÇU,Revitalização do lago Central no Município de Cotriguaçu -MT.,72,5168,063/2013,20/12/2013,07/01/2019,1053000,0;
85,SECRETARIA DE ESTADO DAS CIDADES-SECID,PREFEITURA MUNICIPAL DE COTRIGUAÇU,COTRIGUAÇU,Construção de praça no Município de Cotriguaçu -MT,72,5168,074/2013,20/12/2013,21/01/2018,398746,0;
86,SECRETARIA DE ESTADO DAS CIDADES-SECID,PREFEITURA MUNICIPAL DE COTRIGUAÇU,COTRIGUAÇU,Infraestrutura para a realização do festival de pesca através da construção de um centro de eventos e de banheiros públicos.,72,5168,067/2013,20/12/2013,22/12/2017,380000,15253;
87,SECRETARIA DE ESTADO DAS CIDADES-SECID,PREFEITURA MUNICIPAL DE COTRIGUAÇU,COTRIGUAÇU,Ampliação da Quadra Poliesportiva da E.M. Aparecido Nery da Fonseca,72,5168,091/2015,21/12/2015,25/10/2017,100000,15180;
88,SECRETARIA DE ESTADO DAS CIDADES-SECID,PREFEITURA MUNICIPAL DE COTRIGUAÇU,COTRIGUAÇU,Pavimentação de Vias Urbanas no Distrito de Nova União. Emenda parlamentar nº 59 Dep. Romoaldo Jr.,390,3117,0408-2016,22/06/2016,31/12/2017,249999,929;
89,SECRETARIA DE ESTADO DAS CIDADES-SECID,PREFEITURA MUNICIPAL DE CUIABÁ,CUIABÁ,AQUISIÇÃO DE MATERIAL PARA RESTAURAÇÃO DAS AVENIDAS: TENENTE CORONEL DUARTE HISTORIADOR RUBENS DE MENDONÇA E FERNANDO CORREA DA COSTA NO MUNICIPIO DE CUIABÁ/MT,390,3117,0288-2016,07/04/2016,11/10/2017,7701553,669700;
90,SECRETARIA DE ESTADO DAS CIDADES-SECID,PREFEITURA MUNICIPAL DE CUIABÁ,CUIABÁ,ELABORAÇÃO DE PROJETOS CIVIL E AMBIENTAL PARA INSTALAÇÃO DA USINA DE RECICLAGEM DE RESÍDUOS DA CONSTRUÇÃO CIVIL. Emenda Parlamentar nº 162/2016 Dep. Mauro Savi.,390,5168,1183-2016,28/12/2016,28/12/2017,150000,15000;
91,SECRETARIA DE ESTADO DAS CIDADES-SECID,PREFEITURA MUNICIPAL DE CUIABÁ,CUIABÁ,Reforma do pavimento instalação de portais de entrada e pergolados nas ruas centrais do Centro de Cuiabá -MT. Emenda Parlamentar nº 104/2016 Dep. Eduardo Botelho.,390,5168,1272-2016,29/12/2016,01/12/2017,190000,87550;
92,SECRETARIA DE ESTADO DAS CIDADES-SECID,PREFEITURA MUNICIPAL DE CUIABÁ,CUIABÁ,AMPLIAÇÃO DE DRENAGEM DE ÁGUAS PLUVIAIS E RECAPEAMENTO DA RUA 30 NO BAIRRO JARDIM INDUSTRIÁRIO NO MUNICÍPIO DE CUIABÁ/MT. Emenda parlamentar nº 104/2016 Dep. Eduardo Botelho.,390,3117,1390-2016,26/12/2016,04/11/2017,756519,46763;
93,SECRETARIA DE ESTADO DAS CIDADES-SECID,PREFEITURA MUNICIPAL DE CURVELÂNDIA,CURVELÂNDIA,Construção de pórtico de entrada da cidade de Curvelândia - MT. Emenda Parlamentar nº 368/2016 Dep. Gilmar Fabris.,390,5168,0659-2016,29/12/2016,31/12/2017,90000,91262;
94,SECRETARIA DE ESTADO DAS CIDADES-SECID,PREFEITURA MUNICIPAL DE DENISE,DENISE,Construção de 01 (Um ) Centro de múltiplo Uso no Município de Denise -MT.,72,5168,112/2013,20/12/2013,03/11/2017,300000,0;
95,SECRETARIA DE ESTADO DAS CIDADES-SECID,PREFEITURA MUNICIPAL DE DENISE,DENISE,Perfuração de Oito Poços Artesianos no Município de Denise -MT.,72,5168,089/2013,20/12/2013,14/07/2018,480000,0;
96,SECRETARIA DE ESTADO DAS CIDADES-SECID,PREFEITURA MUNICIPAL DE DENISE,DENISE,Pavimentação Asfáltica e Drenagem da Avenida São Paulo no Municipio de Denise - MT.,72,5168,003/2015,06/10/2015,31/12/2017,400000,54443;
97,SECRETARIA DE ESTADO DAS CIDADES-SECID,PREFEITURA MUNICIPAL DE DIAMANTINO,DIAMANTINO,REVITALIZAÇÃO DA PRAÇA MAJOR CAETANO DIAS,72,5168,183/2013,20/12/2013,15/12/2017,350000,0;
98,SECRETARIA DE ESTADO DAS CIDADES-SECID,PREFEITURA MUNICIPAL DE DIAMANTINO,DIAMANTINO,AQUISIÇÃO DE LAMA ASFALTICA PARA REVITALIZAÇÃO EM DIVERSAS RUAS DO MUNICIPIO,72,5168,060/2015,17/12/2015,28/11/2017,500000,14676;
99,SECRETARIA DE ESTADO DAS CIDADES-SECID,PREFEITURA MUNICIPAL DE DOM AQUINO,DOM AQUINO,Revitalização das Praças Vila Esportiva Vila Ituberaba e Distrito de Entre Rios.,72,5168,034/2014,04/04/2014,01/07/2019,278100,30900;
100,SECRETARIA DE ESTADO DAS CIDADES-SECID,PREFEITURA MUNICIPAL DE DOM AQUINO,DOM AQUINO,Melhorias de equipamentos urbanos - Calçadas,72,1820,035/2014,02/07/2014,01/07/2019,396000,44000;
101,SECRETARIA DE ESTADO DAS CIDADES-SECID,PREFEITURA MUNICIPAL DE DOM AQUINO,DOM AQUINO,Implantação de sinalização vertical e horizontal das vias públicas.,72,1820,033/2014,02/07/2014,21/10/2017,396000,44000;
102,SECRETARIA DE ESTADO DAS CIDADES-SECID,PREFEITURA MUNICIPAL DE FELIZ NATAL,FELIZ NATAL,Recuperação Asfáltica - Lama Asfáltica,390,3117,0419-2016,20/06/2016,31/12/2017,300000,7447;
103,SECRETARIA DE ESTADO DAS CIDADES-SECID,PREFEITURA MUNICIPAL DE FELIZ NATAL,FELIZ NATAL,Restauração de Pavimentação Asfaltica com aplicação de Lama Asfáltica em diversas vias na cidade de Feliz Natal-MT,390,3117,1049-2016,01/07/2016,25/04/2018,980000,20000;
104,SECRETARIA DE ESTADO DAS CIDADES-SECID,PREFEITURA MUNICIPAL DE FIGUEIRÓPOLIS DOESTE,FIGUEIRÓPOLIS DOESTE,Execução de Obras na Reforma e Ampliação da Estrutura do Estádio Municipal Geraldo Scalera situada na Rua Pernambuco S/Nº.,72,5168,021/2014,03/04/2014,29/01/2018,297000,60851;
105,SECRETARIA DE ESTADO DAS CIDADES-SECID,PREFEITURA MUNICIPAL DE GENERAL CARNEIRO,GENERAL CARNEIRO,Construção de Centro de múltiplo Uso no Município de General Carneiro -MT.,72,1820,068/2013,20/12/2013,23/08/2019,1302383,0;
106,SECRETARIA DE ESTADO DAS CIDADES-SECID,PREFEITURA MUNICIPAL DE GENERAL CARNEIRO,GENERAL CARNEIRO,Execução de Passeio Publico - Calçadas no Municipio de General Carneiro-MT.,72,5168,072/2013,20/12/2013,12/11/2017,224000,0;
107,SECRETARIA DE ESTADO DAS CIDADES-SECID,PREFEITURA MUNICIPAL DE GENERAL CARNEIRO,GENERAL CARNEIRO,Construção de Praça na BR 070 - no Munícipio de General Carneiro,72,5168,073/2013,20/12/2013,22/11/2017,261285,0;
108,SECRETARIA DE ESTADO DAS CIDADES-SECID,PREFEITURA MUNICIPAL DE GENERAL CARNEIRO,GENERAL CARNEIRO,Construção da Praça da Matriz no município de General Carneiro-MT.,72,5168,080/2013,20/12/2013,12/10/2017,307122,0;
109,SECRETARIA DE ESTADO DAS CIDADES-SECID,PREFEITURA MUNICIPAL DE GLÓRIA DOESTE,GLÓRIA D OESTE,Construção de Quadra Poliesportiva no Municipio de Glória D Oeste.,72,1819,018/2008,19/03/2008,26/12/2020,120000,18449;
110,SECRETARIA DE ESTADO DAS CIDADES-SECID,PREFEITURA MUNICIPAL DE GUARANTÃ DO NORTE,GUARANTÃ DO NORTE,Construção de Banheiros Adaptados na APAE de Guarantã do Norte com área de Ampliação de 6495 m².,72,5168,073/2012,02/07/2012,19/02/2018,50000,83827;
111,SECRETARIA DE ESTADO DAS CIDADES-SECID,PREFEITURA MUNICIPAL DE GUARANTÃ DO NORTE,GUARANTÃ DO NORTE,Construção de uma Praça do Bairro Jardim Vitoria em Guarantã do Norte-MT,72,5168,088/2012,15/10/2012,05/03/2018,80000,108;
112,SECRETARIA DE ESTADO DAS CIDADES-SECID,PREFEITURA MUNICIPAL DE GUARANTÃ DO NORTE,GUARANTÃ DO NORTE,Construção de Calçada da Praça do Jardim Vitória nos município de Guarantã do Norte,72,5168,046/2013,20/12/2013,23/12/2017,181317,6138;
113,SECRETARIA DE ESTADO DAS CIDADES-SECID,PREFEITURA MUNICIPAL DE GUARANTÃ DO NORTE,GUARANTÃ DO NORTE,Construção de Centro de Múltiplo Uso no Município de Guarantã do Norte - MT.,72,5168,006/2014,03/07/2014,25/01/2018,120000,42587;
114,SECRETARIA DE ESTADO DAS CIDADES-SECID,PREFEITURA MUNICIPAL DE GUARANTÃ DO NORTE,GUARANTÃ DO NORTE,Construção de Centro de Eventos no Município de Guarantã do Norte - MT.,72,5168,042/2014,02/07/2014,23/01/2018,399521,44391;
115,SECRETARIA DE ESTADO DAS CIDADES-SECID,PREFEITURA MUNICIPAL DE GUARANTÃ DO NORTE,GUARANTÃ DO NORTE,Construção de Centro de Múltiplo Uso no Município de Guarantã do Norte - MT.,72,5168,047/2013,20/12/2013,08/10/2017,274815,0;
116,SECRETARIA DE ESTADO DAS CIDADES-SECID,PREFEITURA MUNICIPAL DE GUARANTÃ DO NORTE,GUARANTÃ DO NORTE,Construção da Praça Santa Marta no Município de Guarantã do Norte - MT,72,5168,044/2013,20/12/2013,10/12/2017,190273,18763;
117,SECRETARIA DE ESTADO DAS CIDADES-SECID,PREFEITURA MUNICIPAL DE GUARANTÃ DO NORTE,GUARANTÃ DO NORTE,SERVIÇOS TERCEIRIZADOS PARA MANUTENÇÃORECUPERAÇÃO E REABERTURA DE VIAS NO MUNICÍPIO DE GUARANTÃ DO NORTE,72,5168,076/2015,18/12/2015,18/10/2017,370000,18500;
118,SECRETARIA DE ESTADO DAS CIDADES-SECID,PREFEITURA MUNICIPAL DE GUARANTÃ DO NORTE,GUARANTÃ DO NORTE,CONSTRUÇÃO DE CICLOVIA NO MUNICÍPIO DE GUARANTÃ DO NORTE. Emenda n.º 117/2016 - Pedro Satélite,390,3117,0342-2016,14/06/2016,20/10/2017,590990,212341;
119,SECRETARIA DE ESTADO DAS CIDADES-SECID,PREFEITURA MUNICIPAL DE GUIRATINGA,GUIRATINGA,Construção de Centro de Múltiplo Uso no município de Guiratinga-MT. Emenda parlamentar nº 98/2016 Dep. Nininho e nº 4343/2016 Dep. Zé do Pátio.,390,5168,1004-2016,27/12/2016,31/12/2017,150000,19064;
120,SECRETARIA DE ESTADO DAS CIDADES-SECID,PREFEITURA MUNICIPAL DE GUIRATINGA,GUIRATINGA,Sinalização Horizontal e Vertical de ruas na cidade de Guiratinga. Emenda nº 110 Dep. Max Russi.,390,3117,1095-2016,28/06/2016,31/12/2017,149051,85017;
121,SECRETARIA DE ESTADO DAS CIDADES-SECID,PREFEITURA MUNICIPAL DE GUIRATINGA,GUIRATINGA,Restauração de vias urbanas com lama asfáltica no município de Guiratinga - MT. Emenda Parlamentar nº 407/2016 Dep. Wilson Santos e 110/2016 Dep. Max Russi.,390,3117,1380-2016,29/12/2016,12/11/2017,422000,78190;
122,SECRETARIA DE ESTADO DAS CIDADES-SECID,PREFEITURA MUNICIPAL DE INDIAVAÍ,INDIAVAÍ,Reforma do Campo de Futebol Ferreirão no Município de Indiavai - MT.,72,5168,017/2013,08/10/2013,22/08/2018,300000,76180;
123,SECRETARIA DE ESTADO DAS CIDADES-SECID,PREFEITURA MUNICIPAL DE INDIAVAÍ,INDIAVAÍ,Construção 2ª Etapa Praça Vila Mariana,72,1820,022/2014,02/07/2014,23/01/2018,315804,35089;
124,SECRETARIA DE ESTADO DAS CIDADES-SECID,PREFEITURA MUNICIPAL DE IPIRANGA DO NORTE,IPIRANGA DO NORTE,Drenagem de Águas Pluviais em Vias Urbanas do Município de Ipiranga do Norte-MT,391,5158,0335-2016,01/04/2016,25/10/2017,1713184,286815;
125,SECRETARIA DE ESTADO DAS CIDADES-SECID,PREFEITURA MUNICIPAL DE IPIRANGA DO NORTE,IPIRANGA DO NORTE,Construção de Um Pórtico de Entrada Municipal - EMENDA PARLAMENTAR Nº 11,390,5168,0708-2016,02/05/2016,31/12/2017,93038,23940;
126,SECRETARIA DE ESTADO DAS CIDADES-SECID,PREFEITURA MUNICIPAL DE ITANHANGÁ,ITANHANGÁ,Alargamento da Rua Santo Antonio situada no perímetro urbano do município de Itanhangá - MT.,390,3117,0577-2016,30/11/2016,03/11/2017,100000,5894;
127,SECRETARIA DE ESTADO DAS CIDADES-SECID,PREFEITURA MUNICIPAL DE ITAÚBA,ITAÚBA,REFORMA DO CENTRO DE MÚLTIPLO USO CENTRAL DE ITAUBA,72,5168,081/2014,25/06/2014,11/11/2017,232530,74978;
128,SECRETARIA DE ESTADO DAS CIDADES-SECID,PREFEITURA MUNICIPAL DE ITAÚBA,ITAÚBA,Aquisição de material betuminoso e para produção de Lama Asfáltica para realização de rejuvenescimento da pavimentação de Ruas do Município de Itaúba-MT. Emenda Parlamentar n.º 11/2016 - José Domingos Fraga,390,3117,0997-2016,16/06/2016,14/11/2017,80000,20516;
129,SECRETARIA DE ESTADO DAS CIDADES-SECID,PREFEITURA MUNICIPAL DE ITAÚBA,ITAÚBA,RECUPERAÇÃO DE PAVIMENTAÇÃO ASFÁLTICA - LAMA ASFÁLTICA,390,3117,0895-2017,08/06/2017,07/06/2018,500000,15383;
130,SECRETARIA DE ESTADO DAS CIDADES-SECID,PREFEITURA MUNICIPAL DE JACIARA,JACIARA,Obras de 7.000 m2 de pavimentação e 1.500m de Drenagem na Avenida Zé de Bia no Município de Jaciara - MT,72,5168,094/2013,23/12/2013,04/09/2019,353528,0;
131,SECRETARIA DE ESTADO DAS CIDADES-SECID,PREFEITURA MUNICIPAL DE JACIARA,JACIARA,APOIO EXECUÇÃO DE PROJETOS CONSTRUÇÕES E REFORMA DE OBRAS PÚBLICAS MUNICIPAIS,72,5168,106/2013,20/12/2013,23/11/2017,914207,0;
132,SECRETARIA DE ESTADO DAS CIDADES-SECID,PREFEITURA MUNICIPAL DE JACIARA,JACIARA,Aquisição de material betuminoso para fazer lama asfáltica em diversas ruas do município.,72,5168,033/2015,09/12/2015,10/05/2018,250000,29406;
133,SECRETARIA DE ESTADO DAS CIDADES-SECID,PREFEITURA MUNICIPAL DE JACIARA,JACIARA,Aquisição de Bolsas Materiais de Construções,72,5168,111/2015,23/12/2015,17/09/2018,300000,18461;
134,SECRETARIA DE ESTADO DAS CIDADES-SECID,PREFEITURA MUNICIPAL DE JAURU,JAURU,REURBANIZAÇÃO E ILUMINAÇÃO DO CANTEIRO CENTRAL EM TRECHO DA AV. PADRE NAZARENO LANCIOTTI E PORTAL DE ENTRADA NO ACESSO DA MT 248,72,5168,025/2014,04/04/2014,04/11/2017,702000,78000;
135,SECRETARIA DE ESTADO DAS CIDADES-SECID,PREFEITURA MUNICIPAL DE JAURU,JAURU,CONSTRUÇÃO DE PORTAL TURÍSTICO DE ACESSO A JAURU NO ENTRONCAMENTO DA MT 248 E MT 352.,72,5168,024/2014,04/04/2014,17/04/2018,252000,72885;
136,SECRETARIA DE ESTADO DAS CIDADES-SECID,PREFEITURA MUNICIPAL DE JAURU,JAURU,Revitalização da Praça João Rossi no município de Jauru/MT.,72,5168,094/2015,21/12/2015,16/01/2018,200000,5555;
137,SECRETARIA DE ESTADO DAS CIDADES-SECID,PREFEITURA MUNICIPAL DE JAURU,JAURU,IMPLANTAÇÃO DE TRÊS ACADEMIAS AO AR LIVRE EM JAURU-MT,72,5168,080/2015,18/12/2015,29/03/2018,90000,2913;
138,SECRETARIA DE ESTADO DAS CIDADES-SECID,PREFEITURA MUNICIPAL DE JAURU,JAURU,Aquisição de materiais para recuperação de Ruas e Avenidas do município de Jauru/MT.,72,5168,034/2015,09/12/2015,12/03/2018,400000,65000;
139,SECRETARIA DE ESTADO DAS CIDADES-SECID,PREFEITURA MUNICIPAL DE JAURU,JAURU,2ª etapa da obra de Revitalização da Praça João Rossi no município de Jauru/MT. Emenda parlamentar nº 281 Oscar Bezerra (100 mil).,390,5168,0847-2016,30/06/2016,08/01/2018,295710,7500;
140,SECRETARIA DE ESTADO DAS CIDADES-SECID,PREFEITURA MUNICIPAL DE JUARA,JUARA,Serviços de Drenagem Pluvial no Bairro Parque Azoia.,72,5158,177/2013,23/12/2013,27/12/2017,319811,0;
141,SECRETARIA DE ESTADO DAS CIDADES-SECID,PREFEITURA MUNICIPAL DE JUARA,JUARA,Construção de calçadas padronizadas no Jardim América,72,5168,172/2013,23/12/2013,27/12/2017,106239,0;
142,SECRETARIA DE ESTADO DAS CIDADES-SECID,PREFEITURA MUNICIPAL DE JUARA,JUARA,Construção da unidade de tratamento intensivo - Leitos de UTI,72,1820,011/2014,03/07/2014,09/10/2017,450000,4564;
143,SECRETARIA DE ESTADO DAS CIDADES-SECID,PREFEITURA MUNICIPAL DE JUARA,JUARA,Construção de Creche,72,1820,013/2014,01/07/2014,10/05/2019,358440,39826;
144,SECRETARIA DE ESTADO DAS CIDADES-SECID,PREFEITURA MUNICIPAL DE JUARA,JUARA,Adquirir 01 (um) caminhão equipado com compactador de lixo,72,5168,066/2015,17/12/2015,26/03/2018,324600,12400;
145,SECRETARIA DE ESTADO DAS CIDADES-SECID,PREFEITURA MUNICIPAL DE JUARA,JUARA,Pavimentação Asfáltica em algumas ruas do Distrito de Paranorte,72,5168,093/2015,21/12/2015,16/10/2017,250000,14280;
146,SECRETARIA DE ESTADO DAS CIDADES-SECID,PREFEITURA MUNICIPAL DE JUARA,JUARA,Aquisição de Emulsão Asfáltica RL-1C. Emenda n.º 281/2016 (Oscar Bezerra).,390,3117,0571-2016,01/07/2016,26/12/2017,189557,20442;
147,SECRETARIA DE ESTADO DAS CIDADES-SECID,PREFEITURA MUNICIPAL DE JUARA,JUARA,AQUISIÇÃO DE MATERIAIS PARA RECUPERAÇÃO DA PAVIMENTAÇÃO ASFÁLTICA COM A EXECUÇÃO DE LAMA ASFÁLTICA NAS RUAS DOS BAIRROS JD. SÃO JOÃO E CENTRO NO MUNICÍPIO DE JUARA-MT,390,3117,0704-2017,12/07/2017,28/12/2018,200000,12038;
148,SECRETARIA DE ESTADO DAS CIDADES-SECID,PREFEITURA MUNICIPAL DE JUARA,JUARA,RESTAURAÇÃO DA MALHA VIÁRIA COM EXECUÇÃO DE MICRO REVESTIMENTO E REVESTIMENTO COM CBUQ NAS VIAS URBANAS DO MUNICÍPIO DE JUARA-MT,390,3117,0894-2017,12/07/2017,28/12/2018,6000000,240000;
149,SECRETARIA DE ESTADO DAS CIDADES-SECID,PREFEITURA MUNICIPAL DE JUARA,JUARA,Aquisição de Materiais para Pavimentação Asfáltica em TSD e Drenagem de Vias Urbanas.,390,3117,0910-2017,12/07/2017,28/12/2018,3000000,125354;
150,SECRETARIA DE ESTADO DAS CIDADES-SECID,PREFEITURA MUNICIPAL DE JUARA,JUARA,Execução de Revestimento com CBUQ nas Ruas Ayrton Senna e Rio Arinos.,390,3117,0911-2017,12/07/2017,28/12/2018,1500000,60000;
151,SECRETARIA DE ESTADO DAS CIDADES-SECID,PREFEITURA MUNICIPAL DE JURUENA,JURUENA,RECUPERAÇÃO DE VIAS URBANAS NO MUNICÍPIO DE JURUENA: AVENIDA 4 DE JULHO. AVENIDA TANCREDO NEVES. RUA ORLANDO JOSÉ DA SILVA E AVENIDA DOS TRABALHADORES. Emenda n.º 281/2016 - Oscar Bezerra.,390,3117,0392-2016,23/06/2016,28/11/2017,75000,3000;
152,SECRETARIA DE ESTADO DAS CIDADES-SECID,PREFEITURA MUNICIPAL DE JUSCIMEIRA,JUSCIMEIRA,Reforma de Mini Estádio nos Distritos de Santa Elvira Distrito Placa de Santo Antonio e Distrito de Irinópolis no municipio de Juscimeira-MT.,72,5168,061/2013,19/12/2013,20/01/2018,459212,0;
153,SECRETARIA DE ESTADO DAS CIDADES-SECID,PREFEITURA MUNICIPAL DE JUSCIMEIRA,JUSCIMEIRA,Construção de Praça no Município de Juscimeira - MT,72,5168,060/2013,20/12/2013,24/11/2017,251683,0;
154,SECRETARIA DE ESTADO DAS CIDADES-SECID,PREFEITURA MUNICIPAL DE LAMBARI DOESTE,LAMBARI DOESTE,Iluminação do Canteiro Central da Avenida Boa Vista no Município de Lambari D Oeste -MT.,72,5168,050/2013,23/12/2013,11/10/2017,290000,17613;
155,SECRETARIA DE ESTADO DAS CIDADES-SECID,PREFEITURA MUNICIPAL DE MARCELÂNDIA,MARCELÂNDIA,Construção de uma Capela Mortuária no Município de Marcelândia-MT.,72,5168,024/2013,13/12/2013,14/11/2017,680000,109318;
156,SECRETARIA DE ESTADO DAS CIDADES-SECID,PREFEITURA MUNICIPAL DE MARCELÂNDIA,MARCELÂNDIA,Construção de piscina aquecida no centro de convivência do idoso.,72,5168,139/2013,26/12/2013,29/11/2017,178482,43751;
157,SECRETARIA DE ESTADO DAS CIDADES-SECID,PREFEITURA MUNICIPAL DE MARCELÂNDIA,MARCELÂNDIA,REFORMA E AMPLIAÇÃO DO CLUBE DA MELHOR IDADE NO MUNICÍPIO DE MARCELÂNDIA - MT.,390,5168,0837-2016,20/06/2016,28/12/2017,350000,113464;
158,SECRETARIA DE ESTADO DAS CIDADES-SECID,PREFEITURA MUNICIPAL DE MATUPÁ,MATUPÁ,REFORMA E AMPLIAÇÃO PARCIAL DAS INSTALAÇÕES DA TERCEIRA IDADE TIA CELINA,72,1820,108/2013,20/12/2013,09/12/2017,50000,0;
159,SECRETARIA DE ESTADO DAS CIDADES-SECID,PREFEITURA MUNICIPAL DE MIRASSOL DOESTE,MIRASSOL D`OESTE,AQUISIÇÃO DE MATERIAL PARA OBRAS DE PAVIMENTAÇÃO ASFALTICA NO MUNICÍPIO DE MIRASSOL D OESTE MT. Emenda Parlamentar nº 165/2016,390,3117,0317-2016,09/06/2016,31/12/2017,400000,10487;
160,SECRETARIA DE ESTADO DAS CIDADES-SECID,PREFEITURA MUNICIPAL DE MIRASSOL DOESTE,MIRASSOL D`OESTE,CONCLUSÃO DO CENTRO MÚLTIPLO USO,72,1820,025/2015,04/12/2015,09/03/2018,350367,38929;
161,SECRETARIA DE ESTADO DAS CIDADES-SECID,PREFEITURA MUNICIPAL DE MIRASSOL DOESTE,MIRASSOL D`OESTE,CONSTRUÇÃO DA PRAÇA NO BAIRRO MORUMBI,72,5168,104/2015,22/12/2015,25/10/2017,400000,11104;
162,SECRETARIA DE ESTADO DAS CIDADES-SECID,PREFEITURA MUNICIPAL DE MIRASSOL DOESTE,MIRASSOL D`OESTE,AQUISIÇÃO DE MATERIAL PARA OBRAS DE INFRAESTRUTURA URBANA/PROGRAMA PAV. PROPAP,72,5168,024/2015,04/12/2015,02/05/2018,200000,14448;
163,SECRETARIA DE ESTADO DAS CIDADES-SECID,PREFEITURA MUNICIPAL DE NOBRES,NOBRES,Construção Praça Distrito Coqueiral.,72,5168,065/2015,18/12/2015,04/02/2018,220000,25275;
164,SECRETARIA DE ESTADO DAS CIDADES-SECID,PREFEITURA MUNICIPAL DE NOBRES,NOBRES,Reforma da Unidade Básica de Saúde da Roda D'água no município de Nobres/MT,72,5168,087/2015,18/12/2015,12/06/2018,100000,4000;
165,SECRETARIA DE ESTADO DAS CIDADES-SECID,PREFEITURA MUNICIPAL DE NOBRES,NOBRES,Requalificação do posto de saúde rural do Distrito de Bom Jardim. Emenda n.º 411/2016 (Guilherme Maluf).,390,5168,0484-2016,08/07/2016,20/10/2017,150298,12257;
166,SECRETARIA DE ESTADO DAS CIDADES-SECID,PREFEITURA MUNICIPAL DE NORTELÂNDIA,NORTELÂNDIA,Construção de Centro de Atendimento ao Idoso no Município de Nortelândia-MT.,72,5168,083/2013,20/12/2013,08/10/2017,352224,1029;
167,SECRETARIA DE ESTADO DAS CIDADES-SECID,PREFEITURA MUNICIPAL DE NORTELÂNDIA,NORTELÂNDIA,Construção do Centro de Atendimento ao Turista do Município de Nortelândia -MT.,72,5168,086/2013,20/12/2013,12/02/2018,1246591,0;
168,SECRETARIA DE ESTADO DAS CIDADES-SECID,PREFEITURA MUNICIPAL DE NORTELÂNDIA,NORTELÂNDIA,Recomposição de Pavimento nas Ruas Tiradentes Rua Rodolfo R. da Silva Av. Pedro PedrosianRua Antonio de Oliveira e Rua Cuiabá no município de Nortelândia-MT. Emenda parlamentar nº 55-2016.,390,5168,0278-2016,16/05/2016,01/04/2018,290000,9959;
169,SECRETARIA DE ESTADO DAS CIDADES-SECID,PREFEITURA MUNICIPAL DE NORTELÂNDIA,NORTELÂNDIA,Recomposição de Pavimento em Pré Misturado a Frio -PMFnas ruas RUA PEDRO DE RAMOS RUA SETE DE SETEMBRO RUA MANOEL RIBEIRO DE CAMPOS RUA PLINTO MULLER RUA DUQUE DE CAXIAS RUA CASTELO BRANCO no município de Nortelândia-MT.,390,3117,1386-2016,29/12/2016,01/12/2017,400000,28289;
170,SECRETARIA DE ESTADO DAS CIDADES-SECID,PREFEITURA MUNICIPAL DE NORTELÂNDIA,NORTELÂNDIA,Recomposição de Pavimento com Pré Misturado a frio -PMF nas Ruas São Paulo Rua Quintino Bocaiúva Rua Mato Grosso e Rua Cuiabá no município de Nortelândia-MT.,390,3117,1296-2016,29/12/2016,27/12/2017,98000,2692;
171,SECRETARIA DE ESTADO DAS CIDADES-SECID,PREFEITURA MUNICIPAL DE NOSSA SENHORA DO LIVRAMENTO,NOSSA SENHORA DO LIVRAMENTO,Construção de Quadra Poliesportiva Coberta na Escola Municipal Maria Metelo Duarte Caldas na Comunidade de Cristal no Município de Nossa Senhora do Livramento - MT.,72,5168,012/2013,16/09/2013,07/01/2018,223542,14729;
172,SECRETARIA DE ESTADO DAS CIDADES-SECID,PREFEITURA MUNICIPAL DE NOSSA SENHORA DO LIVRAMENTO,NOSSA SENHORA DO LIVRAMENTO,Recuperação de 03 (três) Praças na Cidade de Nossa Senhora do Livramento,72,5168,101/2013,20/12/2013,23/01/2018,450000,0;
173,SECRETARIA DE ESTADO DAS CIDADES-SECID,PREFEITURA MUNICIPAL DE NOSSA SENHORA DO LIVRAMENTO,NOSSA SENHORA DO LIVRAMENTO,Construção de 02 (dois) Mini Estádio sendo 01 na Comunidade de Mata Cavalo e 01 no Distrito de Faval no Município de Nossa Senhora do Livramento-MT.,72,5168,102/2013,20/12/2013,11/12/2017,450000,43173;
174,SECRETARIA DE ESTADO DAS CIDADES-SECID,PREFEITURA MUNICIPAL DE NOSSA SENHORA DO LIVRAMENTO,NOSSA SENHORA DO LIVRAMENTO,Construção de 10 (dez) Poços Artesianos com bomba e caixa dágua no Município de Nossa Senhora do Livramento-MT.,72,5168,098/2013,20/12/2013,05/10/2017,500000,0;
175,SECRETARIA DE ESTADO DAS CIDADES-SECID,PREFEITURA MUNICIPAL DE NOSSA SENHORA DO LIVRAMENTO,NOSSA SENHORA DO LIVRAMENTO,Restauração asfáltica em trechos da: Avenida Cel. Manuel Felix e Rua Vicente Pereira Leite. Avenidas: Julio Campos e Cel. Botelho. Rua: Livio Mendes.,72,5168,032/2015,09/12/2015,05/12/2017,150000,6599;
176,SECRETARIA DE ESTADO DAS CIDADES-SECID,PREFEITURA MUNICIPAL DE NOSSA SENHORA DO LIVRAMENTO,NOSSA SENHORA DO LIVRAMENTO,Restauração asfáltica em trecho da: Av. Cel. Manuel Félix e R. Vicente Pereira Leite. Nas Ruas: Cel. Felipe Felicíssimo José da Silva Conego Peixoto Maria Onoria. Travessas: Pereira Arruda Adelino Metelo e Eugenio de Brito e Avenida Carlos Antunes e Almeida.,72,5168,031/2015,09/12/2015,05/12/2017,250000,12897;
177,SECRETARIA DE ESTADO DAS CIDADES-SECID,PREFEITURA MUNICIPAL DE NOVA BANDEIRANTES,NOVA BANDEIRANTES,Construção de Praça do Morro no Município de Nova Bandeirantes - MT.,72,1820,141/2013,23/12/2013,25/12/2017,984939,19258;
178,SECRETARIA DE ESTADO DAS CIDADES-SECID,PREFEITURA MUNICIPAL DE NOVA CANAÃ DO NORTE,NOVA CANAÃ DO NORTE,Construção de Um Barracão Coberto no Centro dos Idosos,72,5168,107/2013,23/12/2013,15/11/2017,165000,8800;
179,SECRETARIA DE ESTADO DAS CIDADES-SECID,PREFEITURA MUNICIPAL DE NOVA CANAÃ DO NORTE,NOVA CANAÃ DO NORTE,PROJETO EXECUTIVO DE ENGENHARIA DE PAVIMENTAÇÃO EM TSD NO MUNICÍPIO DE NOVA CANAÃ DO NORTE - MT. Emenda n.º 243/2016 - Emanuel Pínheiro.,390,3117,0260-2016,29/06/2016,15/01/2018,250000,63146;
180,SECRETARIA DE ESTADO DAS CIDADES-SECID,PREFEITURA MUNICIPAL DE NOVA GUARITA,NOVA GUARITA,Construção de um palco na Praça Centro de Novo Guarita -MT.,72,5168,071/2013,20/12/2013,11/10/2017,154991,31645;
181,SECRETARIA DE ESTADO DAS CIDADES-SECID,PREFEITURA MUNICIPAL DE NOVA GUARITA,NOVA GUARITA,Construção de Estacionamento no Canteiro Central da Avenida dos Migrantes em Nova Guarita-MT,72,5168,044/2015,10/12/2015,19/10/2017,230000,12862;
182,SECRETARIA DE ESTADO DAS CIDADES-SECID,PREFEITURA MUNICIPAL DE NOVA GUARITA,NOVA GUARITA,Aquisição de Material para Lama Asfáltica (RL1C). Emenda 98 Dep. Nininho,390,3117,0420-2016,16/06/2016,31/12/2017,235000,73967;
183,SECRETARIA DE ESTADO DAS CIDADES-SECID,PREFEITURA MUNICIPAL DE NOVA MARILÂNDIA,NOVA MARILÂNDIA,Perfuração de um Poço Tubular Artesiano de 250 m (Duzentos e Cinquenta Metros) de profundidade e Construção de um Reservatório com Capacidade para 200.000 litros (Duzentos mil litros de Água) no Loteamento Jardim Planalto II no Município de Nova Marilândia - MT,72,3162,182/2010,29/06/2010,12/12/2017,260000,0;
184,SECRETARIA DE ESTADO DAS CIDADES-SECID,PREFEITURA MUNICIPAL DE NOVA MARILÂNDIA,NOVA MARILÂNDIA,Construção Rotatórias e Pórtico de Acesso e Pórtico de Acesso da Cidade de Nova Marilândia - MT.,72,5168,107/2015,23/12/2015,25/04/2018,300000,212935;
185,SECRETARIA DE ESTADO DAS CIDADES-SECID,PREFEITURA MUNICIPAL DE NOVA MARILÂNDIA,NOVA MARILÂNDIA,Construção da Praça da Telemat no Município de Nova Marilândia - MT.,72,5168,109/2015,18/12/2015,16/10/2017,100000,79538;
186,SECRETARIA DE ESTADO DAS CIDADES-SECID,PREFEITURA MUNICIPAL DE NOVA MARILÂNDIA,NOVA MARILÂNDIA,Construção de capela mortuária no município de Nova Marilândia-MT.,390,5168,0449-2016,02/06/2016,15/02/2018,300000,57254;
187,SECRETARIA DE ESTADO DAS CIDADES-SECID,PREFEITURA MUNICIPAL DE NOVA MUTUM,NOVA MUTUM,Drenagem Pavimentação Asfáltica e Sinalização de Ruas e Avenidas não pavimentadas localizada no Loteamento Industrial Sul e Loteamento Agroindustrial Hilda Strenger Ribeiro no Município de Nova Mutum  MT.,390,3117,0132-2016,15/06/2016,22/10/2017,4583964,398605;
188,SECRETARIA DE ESTADO DAS CIDADES-SECID,PREFEITURA MUNICIPAL DE NOVA OLÍMPIA,NOVA OLÍMPIA,PAVIMENTAÇÃO ASFÁLTICA E DRENAGEM DE VIAS URBANAS NO MUNICÍPIO DE NOVA OLÍMPIA - MT,72,5168,005/2015,30/11/2015,24/11/2017,300000,4169;
189,SECRETARIA DE ESTADO DAS CIDADES-SECID,PREFEITURA MUNICIPAL DE NOVA OLÍMPIA,NOVA OLÍMPIA,Pavimentação Asfáltica de Vias Urbanas no Município de Nova Olímpia - MT,72,5168,043/2015,10/12/2015,26/12/2017,100000,2531;
190,SECRETARIA DE ESTADO DAS CIDADES-SECID,PREFEITURA MUNICIPAL DE NOVA OLÍMPIA,NOVA OLÍMPIA,Pavimentação Asfáltica em Vias Urbanas em Nova Olímpia-MT. Emenda n.º 136/2016 - Wagner Ramos,390,3117,0426-2016,17/06/2016,31/12/2017,400519,30443;
191,SECRETARIA DE ESTADO DAS CIDADES-SECID,PREFEITURA MUNICIPAL DE NOVA OLÍMPIA,NOVA OLÍMPIA,Recuperação de Pavimento Asfáltico (Lama Asfáltica) no município de Nova Olímpia. Emenda n.º 253/2016 - Saturnino Masson.,390,3117,0427-2016,17/06/2016,31/12/2017,300000,6403;
192,SECRETARIA DE ESTADO DAS CIDADES-SECID,PREFEITURA MUNICIPAL DE NOVA OLÍMPIA,NOVA OLÍMPIA,Recuperação de Pavimento Asfáltico (Lama Asfáltica) na RUA MARCOS FREIRE RUA JOSÉ SALGUEIRO RUA MARIA IZABEL DE JESUS RUA TIRADENTES RUA PRESIDENTE DURTRA RUA CARLOS D. ANDRADE no município de Nova Olímpia. Emenda Parlamentar n.º 76/2016 - Sebastião Rezende.,390,3117,0428-2016,17/06/2016,31/12/2017,100000,3777;
193,SECRETARIA DE ESTADO DAS CIDADES-SECID,PREFEITURA MUNICIPAL DE NOVA UBIRATÃ,NOVA UBIRATÃ,Revitalização da Praça do Ginásio Jonas Pinheiro Paisagismo Edificações de Banheiro Público e Pista de Skate no Municpio de Nova Ubiratã. Emenda Parlamentar nº 88/2016 Dep. Dilmar Dal Bosco,390,5168,1356-2016,29/12/2016,22/12/2017,105000,134894;
194,SECRETARIA DE ESTADO DAS CIDADES-SECID,PREFEITURA MUNICIPAL DE NOVA UBIRATÃ,NOVA UBIRATÃ,Construção de Barracão para a Quadra de Esportes no Distrito de Santa Terezinha no Municipio de Nova Ubiratã. Emenda parlamentar nº 11/2016 Dep. José Domingos.,390,5168,1379-2016,22/12/2016,22/12/2017,80000,72220;
195,SECRETARIA DE ESTADO DAS CIDADES-SECID,PREFEITURA MUNICIPAL DE NOVA XAVANTINA,NOVA XAVANTINA,Construção de Praça na Agrovila Banco Safra no município de Nova Xavantina -MT.,72,5168,154/2013,23/12/2013,05/11/2017,165000,0;
196,SECRETARIA DE ESTADO DAS CIDADES-SECID,PREFEITURA MUNICIPAL DE NOVO HORIZONTE DO NORTE,NOVO HORIZONTE DO NORTE,Construção de Rodoviária no municipio de Novo Horizonte do Norte-MT.,72,5168,016/2014,03/07/2014,25/01/2018,273257,30361;
197,SECRETARIA DE ESTADO DAS CIDADES-SECID,PREFEITURA MUNICIPAL DE NOVO HORIZONTE DO NORTE,NOVO HORIZONTE DO NORTE,Construção de Praça Publica no município de Novo Horizonte do Norte-MT sito a Av. Mestre Falcão próximo ao Ginásio de Esportes.,72,5168,015/2014,01/07/2014,10/12/2017,90997,10110;
198,SECRETARIA DE ESTADO DAS CIDADES-SECID,PREFEITURA MUNICIPAL DE NOVO HORIZONTE DO NORTE,NOVO HORIZONTE DO NORTE,Pavimentação Asfáltica Sinalização Viária e Passeio Público Em diversas ruas no Município de Novo Horizonte do Norte - MT,72,5168,078/2015,18/12/2015,11/06/2018,150000,35635;
199,SECRETARIA DE ESTADO DAS CIDADES-SECID,PREFEITURA MUNICIPAL DE NOVO HORIZONTE DO NORTE,NOVO HORIZONTE DO NORTE,Execução de Pavimentação em TSD nas ruas Adalto Ferreira Lima e Iguaçu no município de Novo Horizonte do Norte - MT. Emenda Parlamentar nº 281 Dep. Oscar Bezerra.,390,3117,0259-2016,19/12/2016,16/12/2017,147000,3000;
200,SECRETARIA DE ESTADO DAS CIDADES-SECID,PREFEITURA MUNICIPAL DE NOVO MUNDO,NOVO MUNDO,Construção de Centro de Múltiplo Uso no Município de Novo Mundo  MT.,72,5168,092/2013,23/12/2013,26/10/2017,375000,118679;
201,SECRETARIA DE ESTADO DAS CIDADES-SECID,PREFEITURA MUNICIPAL DE NOVO MUNDO,NOVO MUNDO,PAVIMENTAÇÃO ASFÁLTICA E CALÇAMENTO DAS RUAS ESMERALDA RUBI PONE E TURMALINA NO MUNICÍPIO DE NOVO MUNDO/MT. Emenda n.º 131 - Pedro Satélite.,390,3117,0673-2016,30/06/2016,27/10/2017,300000,10611;
202,SECRETARIA DE ESTADO DAS CIDADES-SECID,PREFEITURA MUNICIPAL DE NOVO MUNDO,NOVO MUNDO,EXECUÇÃO DE PAVIMENTAÇÃO ASFÁLTICA SINALIZAÇÃO VIÁRIA E PASSEIO PÚBLICO. Emenda n.º 131/2016 - Pedro Satélite.,390,3117,0674-2016,29/06/2016,27/10/2017,300000,5617;
203,SECRETARIA DE ESTADO DAS CIDADES-SECID,PREFEITURA MUNICIPAL DE NOVO SANTO ANTÔNIO,NOVO SANTO ANTONIO,Apoio a construção de Escola Municipal de Educação infantil Caminho do Saber no município de Novo Santo Antonio - MT,72,5168,003/2014,02/07/2014,23/01/2018,568583,63175;
204,SECRETARIA DE ESTADO DAS CIDADES-SECID,PREFEITURA MUNICIPAL DE NOVO SÃO JOAQUIM,NOVO SÃO JOAQUIM,Construção de Centro de Convivência de Idosos no Município de Novo São Joaquim-MT.,72,5168,148/2013,23/12/2013,26/09/2019,443264,0;
205,SECRETARIA DE ESTADO DAS CIDADES-SECID,PREFEITURA MUNICIPAL DE PEDRA PRETA,PEDRA PRETA,AQUISIÇÃO E APLICAÇÃO DE LAMA ASFÁLTICA GROSSA EM DIVERSAS VIAS URBANAS PAVIMENTADAS NO MUNICÍPIO DE PEDRA PRETA-MT,72,5168,011/2015,12/11/2015,17/10/2017,2500000,30000;
206,SECRETARIA DE ESTADO DAS CIDADES-SECID,PREFEITURA MUNICIPAL DE PEDRA PRETA,PEDRA PRETA,Iluminação da Avenida Frei Servácio e Fernando Corrêa.,72,5168,019/2015,01/12/2015,15/10/2017,440000,10894;
207,SECRETARIA DE ESTADO DAS CIDADES-SECID,PREFEITURA MUNICIPAL DE PEIXOTO DE AZEVEDO,PEIXOTO DE AZEVEDO,Construção de uma Piscina de Reiteração Física no Centro de Convivência 3º Idade no Município de Peixoto de Azevedo - MT,72,5168,037/2013,23/12/2013,11/10/2017,171392,69824;
208,SECRETARIA DE ESTADO DAS CIDADES-SECID,PREFEITURA MUNICIPAL DE PEIXOTO DE AZEVEDO,PEIXOTO DE AZEVEDO,Drenagem de Águas Pluviais em vias Urbanas no Bairro Nova Esperança no Município de Peixoto de Azevedo-MT,391,5158,0810-2016,25/05/2016,08/03/2018,2800000,76700;
209,SECRETARIA DE ESTADO DAS CIDADES-SECID,PREFEITURA MUNICIPAL DE PEIXOTO DE AZEVEDO,PEIXOTO DE AZEVEDO,AQUISIÇÃO DE MATERIAL BETUMINOSO PARA CONSERVAÇÃO ASFÁLTICA. Emenda n.º 88/2016 - Dilmar Dal Bosco.,390,3117,1084-2016,01/07/2016,02/05/2018,75000,189618;
210,SECRETARIA DE ESTADO DAS CIDADES-SECID,PREFEITURA MUNICIPAL DE PLANALTO DA SERRA,PLANALTO DA SERRA,CONSTRUÇÃO DA SEGUNDA 2ª ETAPA DA PRAÇA SÃO CARLOS NO MUNICÍPIO DE PLANALTO DA SERRA/MT.,72,5168,187/2013,20/12/2013,11/12/2017,410372,0;
211,SECRETARIA DE ESTADO DAS CIDADES-SECID,PREFEITURA MUNICIPAL DE PLANALTO DA SERRA,PLANALTO DA SERRA,CONSTRUÇÃO DE PRAÇA PÚBLICA DENOMINADA NOSSA SENHORA APARECIDA NO MUNICÍPIO DE PLANALTO DA SERRA/MT.,72,5168,186/2013,20/12/2013,12/10/2017,250000,0;
212,SECRETARIA DE ESTADO DAS CIDADES-SECID,PREFEITURA MUNICIPAL DE PLANALTO DA SERRA,PLANALTO DA SERRA,Construção do Centro de Multiplo Uso no municipio de Planalto da Serra,72,5168,190/2013,20/12/2013,12/10/2017,259973,0;
213,SECRETARIA DE ESTADO DAS CIDADES-SECID,PREFEITURA MUNICIPAL DE PLANALTO DA SERRA,PLANALTO DA SERRA,Reforma e Ampliação do Parque de Exposição no municipio de Planalto da Serra,72,5168,189/2013,20/12/2013,24/12/2017,189000,26516;
214,SECRETARIA DE ESTADO DAS CIDADES-SECID,PREFEITURA MUNICIPAL DE PLANALTO DA SERRA,PLANALTO DA SERRA,Aquisição de material betuminoso e agregado para execução de revestimento asfáltico tipo tratamento superficial duplo com capa selante e meio fio com sarjeta para execução do revestimento das ruas: Mutum Mandaguaçu Guaíra Mandaguari e Maringá no município de Planalto da Serra/MT.,390,3117,0153-2016,08/07/2016,29/12/2017,400000,11044;
215,SECRETARIA DE ESTADO DAS CIDADES-SECID,PREFEITURA MUNICIPAL DE PONTAL DO ARAGUAIA,PONTAL DO ARAGUAIA,CONSTRUÇÃO DE UM CENTRO DE MÚLTIPLO USO NO MUNICÍPIO DE PONTAL DO ARAGUAIA SITUADO NO ENDEREÇO RUA MANOEL ALVES COSTA ESQUINA COM RUA DOS PIONEIROS BAIRRO ARAGUAIA CENTER,72,1820,060/2014,03/07/2014,25/01/2018,394200,43800;
216,SECRETARIA DE ESTADO DAS CIDADES-SECID,PREFEITURA MUNICIPAL DE PONTAL DO ARAGUAIA,PONTAL DO ARAGUAIA,Reforma e Revitalização da Praça Jonas Pinheiro do Município de Pontal do Araguaia/MT,36,2005,056/2014,26/06/2014,11/03/2018,225000,25000;
217,SECRETARIA DE ESTADO DAS CIDADES-SECID,PREFEITURA MUNICIPAL DE PONTE BRANCA,PONTE BRANCA,APOIO A AQUISIÇÃO DE CIMENTO PARA PAVIMENTAÇÃO DE CONCRETO EM VIAS URBANA COM BLOCOS DE CONCRETOS SEXTAVADOS PARTE DAS AVENIDAS JOÃO NOGUEIRA CORONEL BELMIRO NOGUEIRA DA SILVA E RUA SANTOS DUMONT,72,5168,029/2015,14/12/2015,06/05/2018,130000,5200;
218,SECRETARIA DE ESTADO DAS CIDADES-SECID,PREFEITURA MUNICIPAL DE PONTE BRANCA,PONTE BRANCA,CONSTRUÇÃO DA PRAÇA DA RODOVIÁRIA,390,5168,1395-2016,29/12/2016,30/12/2017,290000,11419;
219,SECRETARIA DE ESTADO DAS CIDADES-SECID,PREFEITURA MUNICIPAL DE PONTES E LACERDA,PONTES E LACERDA,Construção de uma Praça Municipal na Vila Guaporé No Municipio de Pontes e Lacerda MT,72,5168,047/2012,03/07/2012,16/04/2021,500000,6071;
220,SECRETARIA DE ESTADO DAS CIDADES-SECID,PREFEITURA MUNICIPAL DE PONTES E LACERDA,PONTES E LACERDA,REVITALIZAÇÃO DE VIAS URBANAS E PAISAGISMO,72,5168,070/2015,18/12/2015,03/02/2018,628665,54666;
221,SECRETARIA DE ESTADO DAS CIDADES-SECID,PREFEITURA MUNICIPAL DE PONTES E LACERDA,PONTES E LACERDA,IMPLANTAÇÃO DE 3 ACADEMIAS AO AR LIVRE EM COMUNIDADES DA ZONA RURAL,72,5168,059/2015,16/12/2015,30/10/2017,75000,14157;
222,SECRETARIA DE ESTADO DAS CIDADES-SECID,PREFEITURA MUNICIPAL DE PONTES E LACERDA,PONTES E LACERDA,Construção de Passei Público e Praça na BR 174-B no Municipio de Pontes e Lacerda.,390,5168,1324-2016,26/12/2016,31/12/2017,468000,40250;
223,SECRETARIA DE ESTADO DAS CIDADES-SECID,PREFEITURA MUNICIPAL DE PONTES E LACERDA,PONTES E LACERDA,Pavimentação Asfáltica e Drenagem Superficial no Bairro Residencial Glória neste Município. Emenda Parlamentar nº 110/2016 Dep. Max Russi e nº 165/2016 Dep. Wancley Carvalho.,390,3117,0294-2016,28/12/2016,31/12/2017,391955,250173;
224,SECRETARIA DE ESTADO DAS CIDADES-SECID,PREFEITURA MUNICIPAL DE PONTES E LACERDA,PONTES E LACERDA,Aquisição de material para recuperação de vias urbanas do centro da cidade.,390,3117,0983-2016,17/06/2016,13/01/2018,400000,32000;
225,SECRETARIA DE ESTADO DAS CIDADES-SECID,PREFEITURA MUNICIPAL DE PORTO ALEGRE DO NORTE,PORTO ALEGRE DO NORTE,Construção da Praça da Igreja Nossa Senhora da Libertação no município de Porto Alegre do Norte.,72,5168,150/2013,23/12/2013,25/08/2018,230157,12024;
226,SECRETARIA DE ESTADO DAS CIDADES-SECID,PREFEITURA MUNICIPAL DE PORTO ALEGRE DO NORTE,PORTO ALEGRE DO NORTE,PAVIMENTAÇÃO ASFÁLTICA NO DISTRITO DE NOVA FLORESTA NA AVENIDA NILSON GONÇALVES DE OLIVEIRA E AVENIDA OSCAR FERNANDES PEREIRA.,72,5168,079/2015,18/12/2015,18/10/2017,300000,89408;
227,SECRETARIA DE ESTADO DAS CIDADES-SECID,PREFEITURA MUNICIPAL DE PORTO ALEGRE DO NORTE,PORTO ALEGRE DO NORTE,Construção de Iluminação do Campo de Futebol Gezil Araujo no Município de Porto Alegre do Norte. Emenda Parlamentar Baiano Filho.,390,5168,0438-2016,09/11/2016,09/11/2017,100000,4375;
228,SECRETARIA DE ESTADO DAS CIDADES-SECID,PREFEITURA MUNICIPAL DE PORTO ALEGRE DO NORTE,PORTO ALEGRE DO NORTE,Pavimentação Asfáltica Com Tratamento Superficial Duplo (TSD) e Capa Selante no Município de Porto Alegre do Norte - MT. Emenda Parlamentar n° 196/2016 (Baiano Filho).,390,3117,0436-2016,01/07/2016,29/10/2017,100000,6830;
229,SECRETARIA DE ESTADO DAS CIDADES-SECID,PREFEITURA MUNICIPAL DE PORTO DOS GAÚCHOS,PORTO DOS GAÚCHOS,Recuperação de vias urbanas com aplicação de lama asfáltica no município de Porto dos Gaúchos-MT.,390,3117,1306-2017,27/07/2017,01/08/2018,470000,19585;
230,SECRETARIA DE ESTADO DAS CIDADES-SECID,PREFEITURA MUNICIPAL DE PORTO ESPERIDIÃO,PORTO ESPERIDIÃO,A REFORMA DA QUADRA TEODORO JOSE DUARTE QUE FICA NA : AV: GERALDO ADVINCULA DA SILVA S/N. BAIRRO CENTRO QUAD.N°07 LOTE 07 DISTRITO DE VILA CARDOSO CEP: 78240000,72,5168,093/2014,04/07/2014,26/01/2018,180000,20000;
231,SECRETARIA DE ESTADO DAS CIDADES-SECID,PREFEITURA MUNICIPAL DE PORTO ESTRELA,PORTO ESTRELA,CONSTRUÇÃO DE CALÇADAS EM VIAS URBANAS NA CIDADE DE PORTO ESTRELA.,72,5168,194/2013,23/12/2013,25/11/2017,300000,0;
232,SECRETARIA DE ESTADO DAS CIDADES-SECID,PREFEITURA MUNICIPAL DE PORTO ESTRELA,PORTO ESTRELA,CONSTRUÇÃO DE CENTRO DE ATENDIMENTO AO IDOSO,72,5168,005/2014,03/07/2014,30/05/2019,593835,78229;
233,SECRETARIA DE ESTADO DAS CIDADES-SECID,PREFEITURA MUNICIPAL DE POXORÉU,POXORÉU,Iluminação Pública no municipio de Poxoréu,72,5168,085/2013,20/12/2013,08/10/2017,400200,0;
234,SECRETARIA DE ESTADO DAS CIDADES-SECID,PREFEITURA MUNICIPAL DE POXORÉU,POXORÉU,AQUISIÇÃO DE MATERIAIS PARA LAMA ASFÁLTICA NO BAIRRO JARDIM POXORÉU E JARDIM TROPICAL. Emenda Parlamentar nº 198 Dep. Baiano Filho.,390,3117,0491-2016,01/07/2016,28/12/2017,100000,10000;
235,SECRETARIA DE ESTADO DAS CIDADES-SECID,PREFEITURA MUNICIPAL DE POXORÉU,POXORÉU,AQUISIÇÃO DE MATERIAL BETUMINOSO E AGREGADOS PARA PAVIMENTAÇÃO EM TSD (AGREGADOS E EMULSÃO) PARA VIAS URBANAS NO DISTRITO DE JARUDORE E COMUNIDADE DE JOANESBURG NO MUNICÍPIO DE POXORÉU MT. Emenda n.º 98/2016 - Nininho.,390,3117,0493-2016,01/07/2016,07/12/2017,150000,15000;
236,SECRETARIA DE ESTADO DAS CIDADES-SECID,PREFEITURA MUNICIPAL DE RIBEIRÃOZINHO,RIBEIRÃOZINHO,Construção de Terminal Rodoviário no Município de Ribeirãozinho - MT,72,5168,035/2013,16/12/2013,08/02/2018,492948,41506;
237,SECRETARIA DE ESTADO DAS CIDADES-SECID,PREFEITURA MUNICIPAL DE RIBEIRÃOZINHO,RIBEIRÃOZINHO,Perfuração captação tratamento preliminar reservação e distribuição interna por bicas dos dois sistemas de abastecimento simplificado de agua para o municipio de Ribeirãozinho - MT.,391,1317,0660-2016,13/05/2016,31/12/2017,345790,8866;
238,SECRETARIA DE ESTADO DAS CIDADES-SECID,PREFEITURA MUNICIPAL DE RIO BRANCO,RIO BRANCO,PAVIMENTAÇÃO ASFÁLTICA NAS VIAS URBANAS DO MUNICÍPIO DE RIO BRANCO.,72,5168,072/2015,17/12/2015,15/12/2017,130000,21346;
239,SECRETARIA DE ESTADO DAS CIDADES-SECID,PREFEITURA MUNICIPAL DE RONDOLÂNDIA,RONDOLÂNDIA,PAVIMENTAÇÃO ASFÁLTICA COM TSD E CAPA SELANTE DA AV. JOANA ALVES DE OLIVEIRA - DUPLICAÇÃO DO ASFALTO - ASFALTAMENTO DA SEGUNDA VIA DA AVENIDA JOANA ALVES DE OLIVEIRA NO MUNICÍPIO DE RONDOLÂNDIA - MT,390,3117,0500-2016,21/06/2016,01/02/2018,373335,34976;
240,SECRETARIA DE ESTADO DAS CIDADES-SECID,PREFEITURA MUNICIPAL DE RONDONÓPOLIS,RONDONÓPOLIS,Revitalização da Praça Colina Verde no Município de Rondonópolis - MT.,72,5168,116/2015,23/12/2015,16/10/2017,290000,14898;
241,SECRETARIA DE ESTADO DAS CIDADES-SECID,PREFEITURA MUNICIPAL DE RONDONÓPOLIS,RONDONÓPOLIS,Revitalização do Jardim Nilmara no município de Rondonópolis-MT.,72,5168,118/2015,23/12/2015,16/10/2017,210000,18148;
242,SECRETARIA DE ESTADO DAS CIDADES-SECID,PREFEITURA MUNICIPAL DE RONDONÓPOLIS,RONDONÓPOLIS,Revitalização do Campo João de Barro no Município de Rondonópolis - MT.,72,5168,117/2015,23/12/2015,16/10/2017,310000,23136;
243,SECRETARIA DE ESTADO DAS CIDADES-SECID,PREFEITURA MUNICIPAL DE RONDONÓPOLIS,RONDONÓPOLIS,Revitalização do Campo Padre Rodolfo no Município de Rondonópolis - MT.,72,5168,112/2015,23/12/2015,06/03/2018,300000,8279;
244,SECRETARIA DE ESTADO DAS CIDADES-SECID,PREFEITURA MUNICIPAL DE RONDONÓPOLIS,RONDONÓPOLIS,Iluminação de Campo de Futebol no Jardim Atlântico no Município de Rondonópolis - MT.,72,5168,115/2015,23/12/2015,23/05/2018,105000,5137;
245,SECRETARIA DE ESTADO DAS CIDADES-SECID,PREFEITURA MUNICIPAL DE RONDONÓPOLIS,RONDONÓPOLIS,Tapa buraco e aplicação de lama asfáltica para revitalização do pavimento existente em parte de ruas e avenidas de diversos bairros da cidade de Rondonópolis-MT.,390,3117,1388-2016,29/12/2016,26/12/2017,1661306,241288;
246,SECRETARIA DE ESTADO DAS CIDADES-SECID,PREFEITURA MUNICIPAL DE RONDONÓPOLIS,RONDONÓPOLIS,Conservação de Pavimento - Lama Asfáltica e Tapa Buracos em diversas ruas do município de Rondonópolis-MT.,390,3117,0052-2017,01/06/2017,01/06/2019,9500000,1064353;
247,SECRETARIA DE ESTADO DAS CIDADES-SECID,PREFEITURA MUNICIPAL DE SANTA CARMEM,SANTA CARMEM,CONSTRUÇÃO DE CALÇADA E PASSEIO PÚBLICO NA AVENIDA DO COMÉRCIO.,72,5168,058/2015,16/12/2015,11/12/2017,300000,13486;
248,SECRETARIA DE ESTADO DAS CIDADES-SECID,PREFEITURA MUNICIPAL DE SANTA CARMEM,SANTA CARMEM,PAVIMENTAÇÃO ASFÁLTICA TIPO TSD EM ÁREA DE 24.35975 M² E DRENAGEM DE ÁGUAS PLUVIAIS NO MUNICÍPIO DE SANTA CARMEM-MT.,390,3117,0264-2016,24/06/2016,29/01/2018,1499682,0;
249,SECRETARIA DE ESTADO DAS CIDADES-SECID,PREFEITURA MUNICIPAL DE SANTA CARMEM,SANTA CARMEM,Pavimentação asfáltica do tipo TSD e Drenagem Pluvial em vias públicas do município de Santa Carmem-MT.,390,3117,0318-2017,09/06/2017,31/05/2018,1350000,0;
250,SECRETARIA DE ESTADO DAS CIDADES-SECID,PREFEITURA MUNICIPAL DE SANTA CRUZ DO XINGU,SANTA CRUZ DO XINGU,Apoio a Construção de Praça Pública Três Canteiro no Município de Santa Cruz do Xingu -MT.,72,5168,066/2013,20/12/2013,11/02/2018,537106,0;
251,SECRETARIA DE ESTADO DAS CIDADES-SECID,PREFEITURA MUNICIPAL DE SANTA RITA DO TRIVELATO,SANTA RITA DO TRIVELATO,Perfuração de Poços Tubular Profundo no municipio de Santa Rita do Trivelato-MT.,72,5168,029/2014,04/04/2014,28/05/2018,86000,8600;
252,SECRETARIA DE ESTADO DAS CIDADES-SECID,PREFEITURA MUNICIPAL DE SANTA RITA DO TRIVELATO,SANTA RITA DO TRIVELATO,Construção de Reservatório de Água no município de Santa Rita Trivelato,72,5168,026/2014,03/07/2014,10/10/2017,152603,61747;
253,SECRETARIA DE ESTADO DAS CIDADES-SECID,PREFEITURA MUNICIPAL DE SANTA RITA DO TRIVELATO,SANTA RITA DO TRIVELATO,CONSTRUÇÃO DE REDE DE ENERGIA ELÉTRICA PARA O ASSENTAMENTO PONTE DE BARRO LOCALIZADO NO MUNICIPIO DE SANTA RITA DO TRIVELATO - MT,72,5168,101/2015,22/12/2015,07/01/2018,400000,102476;
254,SECRETARIA DE ESTADO DAS CIDADES-SECID,PREFEITURA MUNICIPAL DE SANTA RITA DO TRIVELATO,SANTA RITA DO TRIVELATO,OBRA DE DRENAGEM DE ÁGUAS PLUVIAIS LOCALIZADAS EM DIVERSAS RUAS DENTRO DO PERÍMETRO URBANO DO MUNICÍPIO DE SANTA RITA DO TRIVELATO-MT.,391,5158,0470-2016,08/07/2016,07/06/2018,326000,17666;
255,SECRETARIA DE ESTADO DAS CIDADES-SECID,PREFEITURA MUNICIPAL DE SANTA RITA DO TRIVELATO,SANTA RITA DO TRIVELATO,EXECUÇÃO DE OBRAS DE PAVIMENTAÇÃO ASFÁLTICA NO MUNICÍPIO DE SANTA RITA. Emenda n.º 378/2016 - RS 75.00000 - Baiano Filho,390,3117,0471-2016,21/06/2016,31/12/2017,712732,562167;
256,SECRETARIA DE ESTADO DAS CIDADES-SECID,PREFEITURA MUNICIPAL DE SANTO ANTONIO DO LESTE,SANTO ANTÔNIO DO LESTE,CONSTRUÇÃO PRÉDIO DO CRAS,72,5168,103/2013,19/12/2013,12/10/2017,391199,0;
257,SECRETARIA DE ESTADO DAS CIDADES-SECID,PREFEITURA MUNICIPAL DE SANTO ANTONIO DO LESTE,SANTO ANTÔNIO DO LESTE,CONSTRUÇÃO DE PRAÇA RECREATIVA NO BAIRRO JD BEM VIVER NA CIDADE DE SANTO ANTONIO DO LESTE.MT,72,5168,104/2013,20/12/2013,06/03/2018,440719,0;
258,SECRETARIA DE ESTADO DAS CIDADES-SECID,PREFEITURA MUNICIPAL DE SANTO ANTONIO DO LESTE,SANTO ANTÔNIO DO LESTE,CONSTRUÇÃO DE PRAÇA RECREATIVA NO CENTRO DA CIDADE NA QD 24 CITO ENTRE AV. FLORIANÓPOLIS COM A AV. CURITIBA EM SANTO ANTONIO DO LESTE.MT,72,5168,046/2014,03/07/2014,23/01/2018,396647,44071;
259,SECRETARIA DE ESTADO DAS CIDADES-SECID,PREFEITURA MUNICIPAL DE SANTO ANTONIO DO LESTE,SANTO ANTÔNIO DO LESTE,CONSTRUÇÃO DE CAMPO DE FUTEBOL SOCIETY EM SANTO ANTONIO DO LESTE - MT. Emenda Parlamentar nº 110 Dep. Max Russi,390,5168,0159-2016,02/12/2016,31/12/2017,134400,5783;
260,SECRETARIA DE ESTADO DAS CIDADES-SECID,PREFEITURA MUNICIPAL DE SÃO FÉLIX DO ARAGUAIA,SÃO FÉLIX DO ARAGUAIA,Apoio a Reforma e Ampliação do Terminal Rodoviario de São Felix do Araguaia - MT,72,5168,132/2013,23/12/2013,11/10/2017,341549,0;
261,SECRETARIA DE ESTADO DAS CIDADES-SECID,PREFEITURA MUNICIPAL DE SÃO JOSÉ DO POVO,SÃO JOSÉ DO POVO,Aquisição de Emulsão Asfáltica - RL - 1C para atender o Município de São José do Povo - MT.,72,5168,023/2015,04/12/2015,02/05/2018,100000,3678;
262,SECRETARIA DE ESTADO DAS CIDADES-SECID,PREFEITURA MUNICIPAL DE SÃO JOSÉ DO POVO,SÃO JOSÉ DO POVO,CONSTRUÇÃO DO BARRACÃO DA FEIRA LIVRE,390,5168,0956-2016,15/12/2016,15/12/2017,86961,57348;
263,SECRETARIA DE ESTADO DAS CIDADES-SECID,PREFEITURA MUNICIPAL DE SÃO JOSÉ DO RIO CLARO,SÃO JOSÉ DO RIO CLARO,Construção Abrigo Institucional,72,5168,149/2013,26/12/2013,15/12/2017,491196,159359;
264,SECRETARIA DE ESTADO DAS CIDADES-SECID,PREFEITURA MUNICIPAL DE SÃO JOSÉ DO RIO CLARO,SÃO JOSÉ DO RIO CLARO,Reforma Praça Central,72,5168,147/2013,20/12/2013,25/10/2017,350000,102725;
265,SECRETARIA DE ESTADO DAS CIDADES-SECID,PREFEITURA MUNICIPAL DE SÃO JOSÉ DO RIO CLARO,SÃO JOSÉ DO RIO CLARO,Material betuminoso para pavimentação de vias urbanas no Bairro Progresso e Bairro Bela Vista no Município de São José do Rio Claro,72,5168,026/2015,08/12/2015,29/04/2018,120000,11532;
266,SECRETARIA DE ESTADO DAS CIDADES-SECID,PREFEITURA MUNICIPAL DE SÃO JOSÉ DO RIO CLARO,SÃO JOSÉ DO RIO CLARO,Material betuminoso para pavimentação de diversas ruas no Bairro Progresso no Município de São José do Rio Claro. Emenda n.º 11/2016 - José Domingos Fraga.,390,3117,0399-2016,15/06/2016,13/10/2017,100000,75358;
267,SECRETARIA DE ESTADO DAS CIDADES-SECID,PREFEITURA MUNICIPAL DE SÃO JOSÉ DO RIO CLARO,SÃO JOSÉ DO RIO CLARO,Material Betuminoso para Pavimentação da Avenida Brianorte no Município de São José do Rio Claro. Emenda Parlamentar n.º 281/2016 -Oscar Bezerra.,390,3117,0462-2016,15/06/2016,12/11/2017,100000,60363;
268,SECRETARIA DE ESTADO DAS CIDADES-SECID,PREFEITURA MUNICIPAL DE SÃO JOSÉ DO RIO CLARO,SÃO JOSÉ DO RIO CLARO,AQUISIÇÃO DE MATERIAIS PARA DRENAGEM DE ÁGUAS PLUVIAIS NO BAIRRO CASA NOVA,391,5158,1101-2016,01/07/2016,30/05/2018,110295,2250;
269,SECRETARIA DE ESTADO DAS CIDADES-SECID,PREFEITURA MUNICIPAL DE SÃO JOSÉ DO RIO CLARO,SÃO JOSÉ DO RIO CLARO,AQUISIÇÃO DE MATERIAIS PARA DRENAGEM DE ÁGUAS PLUVIAIS NAS AVENIDAS ARGENTINA E URUGUAI.,391,5158,1104-2016,08/07/2016,20/10/2017,96880,31072;
270,SECRETARIA DE ESTADO DAS CIDADES-SECID,PREFEITURA MUNICIPAL DE SÃO JOSÉ DO XINGU,SÃO JOSÉ DO XINGU,REFORMA DA ESCOLA MUNICIPAL MARIA MARLENE DE MORAIS NO MUNICÍPIO DE SÃO JOSÉ DO XINGU - MT.,72,5168,012/2014,02/07/2014,23/01/2018,380684,84704;
271,SECRETARIA DE ESTADO DAS CIDADES-SECID,PREFEITURA MUNICIPAL DE SÃO JOSÉ DOS QUATRO MARCOS,SÃO JOSÉ DOS QUATRO MARCOS,Construção de Reservatório de Água Potável no município de São José dos Quatro Marcos - MT.,72,5168,143/2013,26/12/2013,17/11/2017,450000,55357;
272,SECRETARIA DE ESTADO DAS CIDADES-SECID,PREFEITURA MUNICIPAL DE SÃO JOSÉ DOS QUATRO MARCOS,SÃO JOSÉ DOS QUATRO MARCOS,Construção de Calçadas no município de São José dos Quatro Marcos - MT.,72,5168,159/2013,26/12/2013,11/03/2018,306000,0;
273,SECRETARIA DE ESTADO DAS CIDADES-SECID,PREFEITURA MUNICIPAL DE SÃO JOSÉ DOS QUATRO MARCOS,SÃO JOSÉ DOS QUATRO MARCOS,Reforma da Praça Bandeirantes no município de São José dos Quatro Marcos - MT.,72,5168,135/2013,23/12/2013,15/11/2017,510000,230284;
274,SECRETARIA DE ESTADO DAS CIDADES-SECID,PREFEITURA MUNICIPAL DE SÃO PEDRO DA CIPA,SÃO PEDRO DA CIPA,Pavimentação Asfáltica da Rua 15 de Novembro no município de São Pedro da Cipa-MT.,72,5168,077/2015,18/12/2015,20/11/2017,100000,31544;
275,SECRETARIA DE ESTADO DAS CIDADES-SECID,PREFEITURA MUNICIPAL DE SÃO PEDRO DA CIPA,SÃO PEDRO DA CIPA,Drenagem Profunda nas Ruas Ruia Barbosa e Cassimiro Dias no Jardim Paraiso,72,5168,106/2015,21/12/2015,01/11/2017,180000,30615;
276,SECRETARIA DE ESTADO DAS CIDADES-SECID,PREFEITURA MUNICIPAL DE SÃO PEDRO DA CIPA,SÃO PEDRO DA CIPA,Implantação de Rede de Esgoto no Jardim Estrela no Município de São Pedro da Cipa - MT.,72,5168,099/2015,21/12/2015,04/11/2017,150000,35000;
277,SECRETARIA DE ESTADO DAS CIDADES-SECID,PREFEITURA MUNICIPAL DE SÃO PEDRO DA CIPA,SÃO PEDRO DA CIPA,Aquisição de bolsa de material de construção - BMC,72,5168,110/2015,23/12/2015,16/10/2017,430000,30000;
278,SECRETARIA DE ESTADO DAS CIDADES-SECID,PREFEITURA MUNICIPAL DE SÃO PEDRO DA CIPA,SÃO PEDRO DA CIPA,AMPLIAÇÃO E REFORMA CENTRO MULTIPLO USO. Emenda Parlamentar 110/2016 Dep. Max Russi,390,1820,0465-2016,29/12/2016,30/06/2018,300000,12085;
279,SECRETARIA DE ESTADO DAS CIDADES-SECID,PREFEITURA MUNICIPAL DE SÃO PEDRO DA CIPA,SÃO PEDRO DA CIPA,Obras de Recomposição em PMF de vias Urbanas no município de São Pedro da Cipa. Emenda Max Russi.,390,3117,1406-2016,28/12/2016,28/12/2017,100000,11920;
280,SECRETARIA DE ESTADO DAS CIDADES-SECID,PREFEITURA MUNICIPAL DE SÃO PEDRO DA CIPA,SÃO PEDRO DA CIPA,Objeto: Obras de construção de passeios públicos .Emenda n162 Mauro Savi,390,3109,1409-2016,29/12/2016,28/12/2017,472000,42326;
281,SECRETARIA DE ESTADO DAS CIDADES-SECID,PREFEITURA MUNICIPAL DE SAPEZAL,SAPEZAL,CONSTRUÇÃO DO PAVILHÃO COMUNITÁRIO - JARDIM IPÊ,72,5168,179/2013,23/12/2013,17/03/2018,335030,0;
282,SECRETARIA DE ESTADO DAS CIDADES-SECID,PREFEITURA MUNICIPAL DE SAPEZAL,SAPEZAL,PAVIMENTAÇÃO ASFÁLTICA PARQUE INDUSTRIAL - AVENIDA PREFEITO ANDRÉ MAGGI E RUA PROJETADA A. 5.83500 M².,72,5168,057/2015,16/12/2015,13/12/2017,100000,58250;
283,SECRETARIA DE ESTADO DAS CIDADES-SECID,PREFEITURA MUNICIPAL DE SAPEZAL,SAPEZAL,Aquisição de Material para Obras de Pavimentação Asfáltica - EMENDA nº136/2016 DEPUTADO WAGNER RAMOS.,390,3117,0519-2016,10/06/2016,31/12/2017,200000,216017;
284,SECRETARIA DE ESTADO DAS CIDADES-SECID,PREFEITURA MUNICIPAL DE SERRA NOVA DOURADA,SERRA NOVA DOURADA,Construção da Praça da Igreja com a Construção de Quadra Poliesportiva Concha Acustica e Quiosque no Municipio de Serra Nova Dourada - MT.,72,5168,109/2013,19/12/2013,06/07/2018,556654,0;
285,SECRETARIA DE ESTADO DAS CIDADES-SECID,PREFEITURA MUNICIPAL DE SERRA NOVA DOURADA,SERRA NOVA DOURADA,Implantação de Reservatório de 50m³ metálico tipo cilíndrico para Abastecimento de agua no Município de Serra Nova Dourada -MT.,72,5168,081/2013,20/12/2013,30/03/2019,135926,0;
286,SECRETARIA DE ESTADO DAS CIDADES-SECID,PREFEITURA MUNICIPAL DE SERRA NOVA DOURADA,SERRA NOVA DOURADA,PAVIMENTAÇÃO ASFÁLTICA NO MUNICÍPIO DE SERRA NOVA DOURADA - MT.,72,5168,061/2015,17/12/2015,25/10/2017,200000,20000;
287,SECRETARIA DE ESTADO DAS CIDADES-SECID,PREFEITURA MUNICIPAL DE SINOP,SINOP,Implantação do Sistema de Esgoto Sanitario no municipio de Sinop - MT.,72,1819,257/2010,21/07/2010,22/01/2018,8858388,0;
288,SECRETARIA DE ESTADO DAS CIDADES-SECID,PREFEITURA MUNICIPAL DE SINOP,SINOP,Construção do CENTRO DE MÚLTIPLO USO DE SINOP-MT proporcionando o fortalecimento de atividades educativas e qualificação profissional voltadas para atender a necessidade da população.,72,1820,044/2011,22/12/2011,31/12/2017,300000,84943;
289,SECRETARIA DE ESTADO DAS CIDADES-SECID,PREFEITURA MUNICIPAL DE SINOP,SINOP,Pavimentação Asfaltica Drenagem de Águas Pluviais e Sinalização Viária no Jardim do Ouro no município de Sinop/MT.,72,5168,016/2015,30/11/2015,25/10/2017,360000,778593;
290,SECRETARIA DE ESTADO DAS CIDADES-SECID,PREFEITURA MUNICIPAL DE SINOP,SINOP,Pavimentação Asfaltica Drenagem de Águas Pluviais e Sinalização Viária e Acessibilidade no Residencial Brasília (parcial) em Sinop/MT.,72,5168,089/2015,18/12/2015,18/10/2017,400000,47933;
291,SECRETARIA DE ESTADO DAS CIDADES-SECID,PREFEITURA MUNICIPAL DE SINOP,SINOP,Restauração de Pavimentação com Aplicação de Lama Asfáltica em Vias Urbanas do município de Sinop-MT.,390,3117,1081-2016,01/07/2016,31/12/2017,960000,40000;
292,SECRETARIA DE ESTADO DAS CIDADES-SECID,PREFEITURA MUNICIPAL DE SINOP,SINOP,Restauração de Pavimentação com Aplicação de Lama Asfáltica em Vias do Município de Sinop-MT,390,3117,1334-2016,26/12/2016,30/04/2018,1500000,500000;
293,SECRETARIA DE ESTADO DAS CIDADES-SECID,PREFEITURA MUNICIPAL DE SORRISO,SORRISO,Construção de uma Praça no Bairro Jd. Amazonia,72,5168,066/2014,01/07/2014,12/03/2018,395949,103719;
294,SECRETARIA DE ESTADO DAS CIDADES-SECID,PREFEITURA MUNICIPAL DE SORRISO,SORRISO,Drenagem Pavimentação e Iluminação no acesso ao Loteamento Residencial Mario Raiter.,72,5158,002/2015,11/09/2015,21/02/2018,5083305,600000;
295,SECRETARIA DE ESTADO DAS CIDADES-SECID,PREFEITURA MUNICIPAL DE TABAPORÃ,TABAPORÃ,SINALIZAÇÃO HORIZONTAL E VERTICAL DAS RUAS E AVENIDAS DO MUNICIPIO DE TABAPORÃ/MT,72,5168,048/2015,15/12/2015,10/01/2018,120000,35750;
296,SECRETARIA DE ESTADO DAS CIDADES-SECID,PREFEITURA MUNICIPAL DE TABAPORÃ,TABAPORÃ,1 ª ETAPA - PAVIMENTAÇÃO DA AVENIDA DOS PRIMEIROS NO NÚCLEO URBANO DO P.A DA GLEBA MERCEDES I E II NO MUNICÍPIO DE TABAPORÃ/MT. Emenda n.º 36/2016 - Silvano Amaral.,390,3117,0270-2016,22/06/2016,17/06/2018,100000,5000;
297,SECRETARIA DE ESTADO DAS CIDADES-SECID,PREFEITURA MUNICIPAL DE TABAPORÃ,TABAPORÃ,2 ª ETAPA - PAVIMENTAÇÃO DA AVENIDA DOS PRIMEIROS NO NUCLEO URBANO DO P.A DA GLEBA MERCEDES I E II NO MUNICIPIO DE TABAPORÃ/MT. Emenda Parlamentar nº 92/2016 - Janaína Riva,390,3117,0273-2016,22/06/2016,17/06/2018,200000,10000;
298,SECRETARIA DE ESTADO DAS CIDADES-SECID,PREFEITURA MUNICIPAL DE TABAPORÃ,TABAPORÃ,3 ª ETAPA - PAVIMENTAÇÃO DA AVENIDA DOS PRIMEIROS NO NUCLEO URBANO DO P.A DA GLEBA MERCEDES I E II NO MUNICIPIO DE TABAPORÃ/MT,390,3117,0274-2016,24/06/2016,19/06/2018,170000,40000;
299,SECRETARIA DE ESTADO DAS CIDADES-SECID,PREFEITURA MUNICIPAL DE TABAPORÃ,TABAPORÃ,Recuperação de Pavimento com RL-1C em 10.31577 m² de ruas no município de Tabaporã - MT. Emenda n.º 281/2016 - Deputado Oscar Bezerra.,390,3117,0425-2016,12/06/2016,07/06/2018,90000,5001;
300,SECRETARIA DE ESTADO DAS CIDADES-SECID,PREFEITURA MUNICIPAL DE TABAPORÃ,TABAPORÃ,Construção de Centro de Múltiplo Uso no Município de Tabaporã - MT.,390,5168,0922-2016,29/12/2016,30/04/2018,833000,148897;
301,SECRETARIA DE ESTADO DAS CIDADES-SECID,PREFEITURA MUNICIPAL DE TABAPORÃ,TABAPORÃ,CONSTRUÇÃO DE PASSEIO PÚBLICO EM CONCRETO NO MUNICÍPIO DE TABAPORÃ-MT (2ª ETAPA DA EXECUÇÃO DE PASSEIO EM CONCRETO NA AVENIDA COMENDADOR JOSÉ PEDRO DIAS).,390,5168,1148-2016,26/07/2016,28/10/2017,100000,20261;
302,SECRETARIA DE ESTADO DAS CIDADES-SECID,PREFEITURA MUNICIPAL DE TABAPORÃ,TABAPORÃ,Pavimentação Asfáltica do tipo TDS em diversas vias do município.,390,3117,0321-2017,11/07/2017,17/06/2018,1109913,22651;
303,SECRETARIA DE ESTADO DAS CIDADES-SECID,PREFEITURA MUNICIPAL DE TABAPORÃ,TABAPORÃ,RECUPERAÇÃO ASFALTICA DE DIVERSAS RUAS E AVENIDAS DO MUNICIPIO DE TABAPORÃ/MT,390,3117,0668-2017,13/06/2017,18/06/2018,500000,34792;
304,SECRETARIA DE ESTADO DAS CIDADES-SECID,PREFEITURA MUNICIPAL DE TANGARÁ DA SERRA,TANGARÁ DA SERRA,Construção da Cobertura da Feira do Produtor da Vila Alta,72,5168,079/2014,12/06/2014,20/10/2017,872228,91526;
305,SECRETARIA DE ESTADO DAS CIDADES-SECID,PREFEITURA MUNICIPAL DE TANGARÁ DA SERRA,TANGARÁ DA SERRA,Aquisição de Emulsão Asfáltica para pavimentação asfáltica Urbana em PMF no distrito de PROGRESSO em Tangará da Serra/MT.,72,5168,068/2015,22/12/2015,15/11/2017,200000,9568;
306,SECRETARIA DE ESTADO DAS CIDADES-SECID,PREFEITURA MUNICIPAL DE TANGARÁ DA SERRA,TANGARÁ DA SERRA,Aquisição de Emulsão Asfáltica para pavimentação asfáltica Urbana em PMF no distrito de TRIANGULO em Tangará da Serra/MT.,72,5168,067/2015,17/12/2015,18/10/2017,100000,13770;
307,SECRETARIA DE ESTADO DAS CIDADES-SECID,PREFEITURA MUNICIPAL DE TANGARÁ DA SERRA,TANGARÁ DA SERRA,Elaboração de projetos e execução de obra para estruturação do Aeroporto Municipal de Tangará da Serra - MT. Emenda Parlamentar nº 253/2016 Dep. Saturnino Masson e nº 136/2016 Dep. Wagner Ramos.,390,5168,0878-2016,28/12/2016,31/12/2017,564316,23513;
308,SECRETARIA DE ESTADO DAS CIDADES-SECID,PREFEITURA MUNICIPAL DE TERRA NOVA DO NORTE,TERRA NOVA DO NORTE,Construção de Um Centro de Múltiplo Uso na Comunidade 9ª Agrovila no Município de Terra Nova do Norte - MT,72,1820,003/2013,14/06/2013,21/03/2018,250000,63388;
309,SECRETARIA DE ESTADO DAS CIDADES-SECID,PREFEITURA MUNICIPAL DE TERRA NOVA DO NORTE,TERRA NOVA DO NORTE,Construção de Quadra Coberta na Comunidade Miraguai 6º Agrovila do Município de Terra Nova do Norte -MT,72,5168,013/2013,26/09/2013,20/04/2018,321000,12582;
310,SECRETARIA DE ESTADO DAS CIDADES-SECID,PREFEITURA MUNICIPAL DE TERRA NOVA DO NORTE,TERRA NOVA DO NORTE,Construção de Praça no Bairro Vista Alegre no Município de Terra Nova do Norte -MT.,72,5168,126/2013,20/12/2013,07/02/2018,134229,2197;
311,SECRETARIA DE ESTADO DAS CIDADES-SECID,PREFEITURA MUNICIPAL DE TORIXORÉU,TORIXORÉU,Construção de Praça Pública da Rodoviária no Município de Torixoréu-MT.,72,5168,096/2013,19/12/2013,10/03/2018,700000,9884;
312,SECRETARIA DE ESTADO DAS CIDADES-SECID,PREFEITURA MUNICIPAL DE TORIXORÉU,TORIXORÉU,Construção de Rodoviária no Município de Torixoréu - MT,72,5168,095/2013,19/12/2013,22/12/2017,298033,0;
313,SECRETARIA DE ESTADO DAS CIDADES-SECID,PREFEITURA MUNICIPAL DE UNIÃO DO SUL,UNIÃO DO SUL,Construção do Centro de Multiplo Uso no Municipio de União do Sul - MT,72,5168,029/2012,28/06/2012,24/09/2018,120000,67039;
314,SECRETARIA DE ESTADO DAS CIDADES-SECID,PREFEITURA MUNICIPAL DE UNIÃO DO SUL,UNIÃO DO SUL,CONSTRUÇÃO DO PÓRTICO (PORTAL) DE ENTRADA DO MUNICÍPIO DE UNIÃO DO SUL/MT NA MT-423. Emenda Parlamentar nº 92/2016 Dep. Janaína Riva,390,1820,0318-2016,20/12/2016,20/12/2017,100000,46921;
315,SECRETARIA DE ESTADO DAS CIDADES-SECID,PREFEITURA MUNICIPAL DE UNIÃO DO SUL,UNIÃO DO SUL,CONSTRUÇÃO DE CICLOVIA DA AVENIDA PORTO ALEGRE NO PERÍMETRO URBANO DO MUNICÍPIO DE UNIÃO DO SUL/MT.,72,5168,097/2015,22/12/2015,08/10/2017,150000,671;
316,SECRETARIA DE ESTADO DAS CIDADES-SECID,PREFEITURA MUNICIPAL DE UNIÃO DO SUL,UNIÃO DO SUL,CONCLUSÃO DA CICLOVIA DA AVENIDA PORTO ALEGRE,72,5168,096/2015,22/12/2015,08/10/2017,150000,10042;
317,SECRETARIA DE ESTADO DAS CIDADES-SECID,PREFEITURA MUNICIPAL DE UNIÃO DO SUL,UNIÃO DO SUL,ILUMINAÇÃO PÚBLICA ORNAMENTAL DA CICLOVIA.,390,5168,0312-2017,24/03/2017,31/12/2018,371286,7577;
318,SECRETARIA DE ESTADO DAS CIDADES-SECID,PREFEITURA MUNICIPAL DE VÁRZEA GRANDE,VÁRZEA GRANDE,Aquisição de lama asfáltica classe quatro para reabilitar o pavimento asfáltico de diversas vias no Município de Várzea Grande.,72,5168,039/2015,10/12/2015,17/10/2017,1000000,635661;
319,SECRETARIA DE ESTADO DAS CIDADES-SECID,PREFEITURA MUNICIPAL DE VÁRZEA GRANDE,VÁRZEA GRANDE,Recapeamento de vias urbanas pavimentadas no município de Várzea Grande - MT,390,3117,0499-2016,09/06/2016,06/12/2017,946519,120800;
320,SECRETARIA DE ESTADO DAS CIDADES-SECID,PREFEITURA MUNICIPAL DE VÁRZEA GRANDE,VÁRZEA GRANDE,Duplicação da Avenida Filinto Muller no município de Várzea Grande-MT.,390,3117,0668-2016,27/06/2016,31/12/2018,2,3311944;
321,SECRETARIA DE ESTADO DAS CIDADES-SECID,PREFEITURA MUNICIPAL DE VÁRZEA GRANDE,VÁRZEA GRANDE,Recapeamento Reperfilamento Tapa Buracos de Diversas Ruas.,390,3117,1089-2016,01/07/2016,31/12/2017,5000000,517266;
322,SECRETARIA DE ESTADO DAS CIDADES-SECID,PREFEITURA MUNICIPAL DE VÁRZEA GRANDE,VÁRZEA GRANDE,Pavimentação asfáltica tipo TSD com capa selante e galeria pluvial em diversas ruas do bairro Nilda de Paula no município de Várzea Grande-MT. Emenda Parlamentar nº 76/2016 Dep. Sebastião Rezende,390,3117,1111-2016,28/12/2016,20/12/2017,486159,486159;
323,SECRETARIA DE ESTADO DAS CIDADES-SECID,PREFEITURA MUNICIPAL DE VÁRZEA GRANDE,VÁRZEA GRANDE,Recapeamento Reperfilamento e Tapa Buraco com aplicação de concreto betuminoso usinado à quente em diversas vias pavimentadas do município de Várzea Grande-MT.,390,3117,1295-2016,13/12/2016,31/12/2017,5760000,240000;
324,SECRETARIA DE ESTADO DAS CIDADES-SECID,PREFEITURA MUNICIPAL DE VÁRZEA GRANDE,VÁRZEA GRANDE,Recapeamento de vias urbanas pavimentadas utilizando 3.001176 ton de CBUQ,390,3117,0645-2017,08/05/2017,15/05/2018,1000000,58716;
325,SECRETARIA DE ESTADO DAS CIDADES-SECID,PREFEITURA MUNICIPAL DE VERA,VERA,Iluminação Publica e Portal de Entrada,72,5168,103/2015,22/12/2015,17/10/2017,141982,13231;
326,SECRETARIA DE ESTADO DAS CIDADES-SECID,PREFEITURA MUNICIPAL DE VILA BELA DA SANTÍSSIMA TRINDADE,VILA BELA DA SANTÍSSIMA TRINDADE,Ampliação de 2 Salas na Escola Municipal Duque de Caxias no Município de Vila Bela da Santíssima Trindade - MT,72,5168,088/2015,18/12/2015,19/10/2017,80000,42448;
327,SECRETARIA DE ESTADO DAS CIDADES-SECID,PREFEITURA MUNICIPAL DE VILA BELA DA SANTÍSSIMA TRINDADE,VILA BELA DA SANTÍSSIMA TRINDADE,Aquisição de Bolsa Material de Construção para melhoria de unidades habitacionais,391,1828,0276-2016,18/03/2016,30/03/2018,500000,40000;
328,SECRETARIA DE ESTADO DAS CIDADES-SECID,PREFEITURA MUNICIPAL DE VILA RICA,VILA RICA,Drenagem de Ruas e Avenidas do Bairro Cidade Jardim,390,3117,0236-2016,17/05/2016,17/02/2018,2688185,191809;
